Date,P/E Ratio,EPS,P/E * EPS,Closing Price,Closing Price - (P/E * EPS)
9/1/2021,25.35,183.81,4659.5835,4524.09,135.4935
8/1/2021,26.23,178.49,4681.7927,4387.16,294.6327
7/1/2021,26.56,173.02,4595.4112,4319.94,275.4712
6/1/2021,26.7,168,4485.6,4202.04,283.56
5/1/2021,28.05,158.68,4450.974,4192.66,258.314
4/1/2021,29.92,148.98,4457.4816,4019.87,437.6116
3/1/2021,30.5,139.15,4244.075,3901.82,342.255
2/1/2021,33.24,127.72,4245.4128,3773.86,471.5528
1/1/2021,35.96,115.94,4169.2024,3700.65,468.5524
12/1/2020,39.26,103.9,4079.114,3662.45,416.664
11/1/2020,37.16,105.5,3920.38,3310.24,610.14
10/1/2020,35.3,106.94,3774.982,3380.8,394.182
9/1/2020,34.27,108.49,3717.9523,3526.65,191.3023
8/1/2020,34.41,109.02,3751.3782,3294.61,456.7682
7/1/2020,32.44,109.73,3559.6412,3115.86,443.7812
6/1/2020,31.29,110.66,3462.5514,3055.73,406.8214
5/1/2020,27.82,117.66,3273.3012,2830.71,442.5912
4/1/2020,24.97,124.06,3097.7782,2470.5,627.2782
3/1/2020,22.8,129.58,2954.424,3090.23,-135.806
2/1/2020,26.42,137.87,3642.5254,3248.92,393.6054
1/1/2020,24.88,146.84,3653.3792,3257.85,395.5292
12/1/2019,22.78,156.04,3554.5912,3113.87,440.7212
11/1/2019,22.62,153.45,3471.039,3066.91,404.129
10/1/2019,22.04,150.92,3326.2768,2940.25,386.0268
9/1/2019,22.44,148.81,3339.2964,2906.27,433.0264
8/1/2019,21.67,149.82,3246.5994,2953.56,293.0394
7/1/2019,22.28,150.69,3357.3732,2964.33,393.0432
6/1/2019,21.37,151.83,3244.6071,2744.45,500.1571
5/1/2019,21.15,151.53,3204.8595,2923.73,281.1295
4/1/2019,21.56,151.53,3266.9868,2867.19,399.7968
3/1/2019,20.86,152,3170.72,2803.69,367.03
2/1/2019,20.6,152.1,3133.26,2706.53,426.73
1/1/2019,19.6,151.98,2978.808,2510.03,468.778
12/1/2018,19.39,151.5,2937.585,2790.37,147.215
11/1/2018,20.67,150.26,3105.8742,2740.37,365.5042
10/1/2018,21.25,149,3166.25,2924.59,241.66
9/1/2018,22.25,148.5,3304.125,2896.72,407.405
8/1/2018,22.37,145.67,3258.6379,2813.36,445.2779
7/1/2018,22.33,142.74,3187.3842,2726.71,460.6742
6/1/2018,22.49,139.74,3142.7526,2734.62,408.1326
5/1/2018,22.49,137.28,3087.4272,2654.8,432.6272
4/1/2018,22.53,135.16,3045.1548,2581.88,463.2748
3/1/2018,23.41,133,3113.53,2677.67,435.86
2/1/2018,23.82,131.16,3124.2312,2821.98,302.2512
1/1/2018,24.97,129.6,3236.112,2695.81,540.302
12/1/2017,24.25,128.15,3107.6375,2642.22,465.4175
11/1/2017,23.81,126.98,3023.3938,2579.36,444.0338
10/1/2017,23.67,125.9,2980.053,2529.12,450.933
9/1/2017,23.28,124.73,2903.7144,2476.55,427.1644
8/1/2017,23.16,124.2,2876.472,2476.35,400.122
7/1/2017,23.36,123.37,2881.9232,2429.01,452.9132
6/1/2017,23.4,122.09,2856.906,2430.06,426.846
5/1/2017,23.31,120.74,2814.4494,2388.33,426.1194
4/1/2017,23.24,119.38,2774.3912,2358.84,415.5512
3/1/2017,23.6,118.27,2791.172,2395.96,395.212
2/1/2017,23.68,116.11,2749.4848,2279.55,469.9348
1/1/2017,23.59,114.21,2694.2139,2257.83,436.3839
12/1/2016,23.76,112.59,2675.1384,2191.08,484.0584
11/1/2016,23.35,110.46,2579.241,2111.72,467.521
10/1/2016,23.57,108.13,2548.6241,2161.2,387.4241
9/1/2016,24.22,106.09,2569.4998,2170.86,398.6398
8/1/2016,24.57,105.48,2591.6436,2170.84,420.8036
7/1/2016,24.52,104.72,2567.7344,2102.95,464.7844
6/1/2016,23.97,103.68,2485.2096,2099.33,385.8796
5/1/2016,23.81,103.83,2472.1923,2081.43,390.7623
4/1/2016,23.97,104.06,2494.3182,2072.78,421.5382
3/1/2016,23.39,104.36,2440.9804,1978.35,462.6304
2/1/2016,22.02,104.85,2308.797,1939.38,369.417
1/1/2016,22.18,104.97,2328.2346,2012.66,315.5746
12/1/2015,23.74,105.18,2496.9732,2102.63,394.3432
11/1/2015,23.67,106.49,2520.6183,2104.05,416.5683
10/1/2015,22.68,107.93,2447.8524,1923.82,524.0324
9/1/2015,21.45,109.54,2349.633,1913.85,435.783
8/1/2015,22.15,111.08,2460.422,2098.04,362.382
7/1/2015,22.4,112.63,2522.912,2077.42,445.492
6/1/2015,22.12,114.34,2529.2008,2111.73,417.4708
5/1/2015,21.92,116.49,2553.4608,2108.29,445.1708
4/1/2015,21.42,118.85,2545.767,2059.69,486.077
3/1/2015,20.96,120.85,2533.016,2117.39,415.626
2/1/2015,20.77,122.82,2550.9714,2020.85,530.1214
1/1/2015,20.02,124.61,2494.6922,2058.2,436.4922
12/1/2014,20.08,125.27,2515.4216,2053.44,461.9816
11/1/2014,19.75,126.04,2489.29,2017.81,471.48
10/1/2014,18.5,126.83,2346.355,1946.16,400.195
9/1/2014,18.81,127.98,2407.3038,2002.28,405.0238
8/1/2014,18.68,126.94,2371.2392,1925.15,446.0892
7/1/2014,18.96,125.58,2380.9968,1973.32,407.6768
6/1/2014,18.88,124.39,2348.4832,1924.97,423.5132
5/1/2014,18.46,123.71,2283.6866,1883.68,400.0066
4/1/2014,18.35,123.22,2261.087,1885.52,375.567
3/1/2014,18.48,122.71,2267.6808,1845.73,421.9508
2/1/2014,18.06,123.23,2225.5338,1741.89,483.6438
1/1/2014,18.15,123.42,2240.073,1831.98,408.093
12/1/2013,18.04,123.61,2229.9244,1800.9,429.0244
11/1/2013,18.15,121.21,2199.9615,1761.64,438.3215
10/1/2013,17.86,118.57,2117.6602,1695,422.6602
9/1/2013,17.88,115.87,2071.7556,1639.77,431.9856
8/1/2013,17.91,114.61,2052.6651,1706.87,345.7951
7/1/2013,18.12,113.34,2053.7208,1614.96,438.7608
6/1/2013,17.8,111.98,1993.244,1640.42,352.824
5/1/2013,18.25,110.91,2024.1075,1582.7,441.4075
4/1/2013,17.69,109.77,1941.8313,1562.17,379.6613
3/1/2013,17.68,108.32,1915.0976,1518.2,396.8976
2/1/2013,17.32,108.11,1872.4652,1513.17,359.2952
1/1/2013,17.03,108.5,1847.755,1462.42,385.335
12/1/2012,16.44,108.33,1780.9452,1409.46,371.4852
11/1/2012,16.12,108.03,1741.4436,1427.59,313.8536
10/1/2012,16.62,107.52,1786.9824,1444.49,342.4924
9/1/2012,16.69,107.47,1793.6743,1404.94,388.7343
8/1/2012,16.14,108.54,1751.8356,1375.32,376.5156
7/1/2012,15.55,109.74,1706.457,1365.51,340.947
6/1/2012,15.05,110.15,1657.7575,1278.04,379.7175
5/1/2012,15.22,110.25,1678.005,1405.82,272.185
4/1/2012,15.7,110.38,1732.966,1419.04,313.926
3/1/2012,15.69,110.97,1741.1193,1374.09,367.0293
2/1/2012,15.37,111.14,1708.2218,1324.09,384.1318
1/1/2012,14.87,110.96,1649.9752,1277.06,372.9152
12/1/2011,14.3,110.77,1584.011,1244.58,339.431
11/1/2011,14.1,110.51,1558.191,1218.28,339.911
10/1/2011,13.88,110.43,1532.7684,1099.23,433.5384
9/1/2011,13.5,110.22,1487.97,1204.42,283.55
8/1/2011,13.79,109.07,1504.0753,1286.94,217.1353
7/1/2011,15.61,108.05,1686.6605,1339.67,346.9905
6/1/2011,15.35,106.83,1639.8405,1314.55,325.2905
5/1/2011,16.12,105.63,1702.7556,1361.22,341.5356
4/1/2011,16.21,105.03,1702.5363,1332.41,370.1263
3/1/2011,16.04,104.61,1677.9444,1306.33,371.6144
2/1/2011,16.52,103.92,1716.7584,1307.59,409.1684
1/1/2011,16.3,102.7,1674.01,1271.87,402.14
12/1/2010,16.05,101.46,1628.433,1206.07,422.363
11/1/2010,15.88,99.23,1575.7724,1184.38,391.3924
10/1/2010,15.9,96.87,1540.233,1146.24,393.993
9/1/2010,15.61,94.58,1476.3938,1080.29,396.1038
8/1/2010,15.47,92.55,1431.7485,1125.86,305.8885
7/1/2010,15.72,90.58,1423.9176,1027.37,396.5476
6/1/2010,16.15,88.51,1429.4365,1070.71,358.7265
5/1/2010,17.3,85.71,1482.783,1202.26,280.523
4/1/2010,19.01,83.07,1579.1607,1178.1,401.0607
3/1/2010,18.91,80.49,1522.0659,1115.71,406.3559
2/1/2010,18.91,76.42,1445.1022,1089.19,355.9122
1/1/2010,20.7,72.03,1491.021,1132.99,358.031
12/1/2009,21.78,67.86,1477.9908,1108.86,369.1308
11/1/2009,28.51,50.71,1445.7421,1042.88,402.8621
10/1/2009,42.12,33.71,1419.8652,1029.85,390.0152
9/1/2009,83.3,16.69,1390.277,998.04,392.237
8/1/2009,92.95,14.47,1344.9865,1002.63,342.3565
7/1/2009,101.87,12.26,1248.9262,923.33,325.5962
6/1/2009,123.32,10.01,1234.4332,942.87,291.5632
5/1/2009,123.73,9.81,1213.7913,877.52,336.2713
4/1/2009,119.85,9.54,1143.369,811.08,332.289
3/1/2009,110.37,9.27,1023.1299,700.82,322.3099
2/1/2009,84.46,12.92,1091.2232,825.44,265.7832
1/1/2009,70.91,16.62,1178.5242,931.8,246.7242
12/1/2008,58.98,20.35,1200.243,816.21,384.033
11/1/2008,34.99,34.16,1195.2584,966.3,228.9584
10/1/2008,27.22,47.25,1286.145,1161.06,125.085
9/1/2008,26.48,60.38,1598.8624,1277.58,321.2824
8/1/2008,26.83,62.67,1681.4361,1260.31,421.1261
7/1/2008,25.37,64.78,1643.4686,1284.91,358.5586
6/1/2008,26.11,67.5,1762.425,1385.67,376.755
5/1/2008,25.81,72.17,1862.7077,1409.34,453.3677
4/1/2008,23.88,76.8,1833.984,1370.18,463.804
3/1/2008,21.81,81.31,1773.3711,1331.34,442.0311
2/1/2008,21.74,84.64,1840.0736,1395.42,444.6536
1/1/2008,21.46,87.51,1877.9646,1447.16,430.8046
12/1/2007,22.35,90.59,2024.6865,1472.42,552.2665
11/1/2007,20.81,96.19,2001.7139,1508.44,493.2739
10/1/2007,20.68,102.46,2118.8728,1547.04,571.8328
9/1/2007,19.05,108.39,2064.8295,1489.42,575.4095
8/1/2007,18.02,111.6,2011.032,1465.81,545.222
7/1/2007,18.36,114.3,2098.548,1519.43,579.118
6/1/2007,17.83,117.18,2089.3194,1536.34,552.9794
5/1/2007,17.92,116.59,2089.2928,1486.3,602.9928
4/1/2007,17.48,116.48,2036.0704,1424.55,611.5204
3/1/2007,16.92,116.41,1969.6572,1403.17,566.4872
2/1/2007,17.49,116.7,2041.083,1445.94,595.143
1/1/2007,17.36,116.55,2023.308,1416.6,606.708
12/1/2006,17.38,116.13,2018.3394,1396.71,621.6294
11/1/2006,17.24,114.9,1980.876,1367.81,613.066
10/1/2006,17.14,113.33,1942.4762,1331.32,611.1562
9/1/2006,16.77,111.33,1867.0041,1311.01,555.9941
8/1/2006,16.67,108.87,1814.8629,1270.92,543.9429
7/1/2006,16.61,107.16,1779.9276,1280.19,499.7376
6/1/2006,16.82,105.55,1775.351,1285.71,489.641
5/1/2006,17.46,104.9,1831.554,1305.19,526.364
4/1/2006,17.77,104.55,1857.8535,1297.81,560.0435
3/1/2006,17.8,104.57,1861.346,1291.24,570.106
2/1/2006,17.8,103.78,1847.284,1282.46,564.824
1/1/2006,18.07,102.62,1854.3434,1268.8,585.5434
12/1/2005,18.07,102.01,1843.3207,1264.67,578.6507
11/1/2005,18.01,99.97,1800.4597,1202.76,597.6997
10/1/2005,17.64,97.55,1720.782,1226.7,494.082
9/1/2005,18.44,96.13,1772.6372,1221.59,551.0472
8/1/2005,18.72,95.74,1792.2528,1235.35,556.9028
7/1/2005,19,94.65,1798.35,1194.44,603.91
6/1/2005,19,93.51,1776.69,1202.22,574.47
5/1/2005,18.93,92.06,1742.6958,1162.16,580.5358
4/1/2005,19.02,90.47,1720.7394,1172.92,547.8194
3/1/2005,19.84,89.57,1777.0688,1210.41,566.6588
2/1/2005,20.11,89.43,1798.4373,1189.41,609.0273
1/1/2005,19.99,89.11,1781.3089,1202.08,579.2289
12/1/2004,20.48,88.46,1811.6608,1191.37,620.2908
11/1/2004,20.05,87.74,1759.187,1130.51,628.677
10/1/2004,19.25,87.4,1682.45,1131.5,550.95
9/1/2004,19.35,87.46,1692.351,1105.91,586.441
8/1/2004,19.03,86.83,1652.3749,1106.62,545.7549
7/1/2004,19.51,86.05,1678.8355,1128.94,549.8955
6/1/2004,20.17,85.1,1716.467,1121.2,595.267
5/1/2004,20.14,83.27,1677.0578,1117.49,559.5678
4/1/2004,21.23,81.64,1733.2172,1132.17,601.0472
3/1/2004,21.61,79.78,1724.0458,1155.97,568.0758
2/1/2004,22.46,78.61,1765.5806,1135.26,630.3206
1/1/2004,22.73,77.35,1758.1655,1108.48,649.6855
12/1/2003,22.17,76.03,1685.5851,1070.12,615.4651
11/1/2003,23.15,70.67,1636.0105,1059.02,576.9905
10/1/2003,24.75,65.22,1614.195,1018.22,595.975
9/1/2003,26.42,59.89,1582.2938,1021.99,560.3038
8/1/2003,26.57,57.99,1540.7943,980.15,560.6443
7/1/2003,27.65,56.11,1551.4415,982.32,569.1215
6/1/2003,28.6,54.07,1546.402,967,579.402
5/1/2003,28.24,51.92,1466.2208,916.3,549.9208
4/1/2003,28.05,49.63,1392.1215,858.48,533.6415
3/1/2003,27.92,47.32,1321.1744,834.81,486.3644
2/1/2003,28.46,46.18,1314.2828,860.32,453.9628
1/1/2003,31.43,45.1,1417.493,909.03,508.463
12/1/2002,32.59,43.85,1429.0715,934.53,494.5415
11/1/2002,32.03,45.05,1442.9515,900.96,541.9915
10/1/2002,29.24,46.34,1354.9816,847.91,507.0716
9/1/2002,28.89,47.72,1378.6308,878.02,500.6108
8/1/2002,31.53,46.05,1451.9565,884.66,567.2965
7/1/2002,32.46,44.44,1442.5224,968.65,473.8724
6/1/2002,37.92,42.73,1620.3216,1040.68,579.6416
5/1/2002,41.41,41.67,1725.5547,1086.46,639.0947
4/1/2002,43.81,40.58,1777.8098,1146.54,631.2698
3/1/2002,46.71,39.72,1855.3212,1131.78,723.5412
2/1/2002,44.57,39.93,1779.6801,1122.2,657.4801
1/1/2002,46.17,40.09,1850.9553,1154.67,696.2853
12/1/2001,46.37,40.17,1862.6829,1129.9,732.7829
11/1/2001,43.62,41.97,1830.7314,1084.1,746.6314
10/1/2001,39.72,43.85,1741.722,1038.55,703.172
9/1/2001,36.9,45.65,1684.485,1132.94,551.545
8/1/2001,37.85,50.43,1908.7755,1215.93,692.8455
7/1/2001,35.46,55.01,1950.6546,1236.72,713.9346
6/1/2001,33.67,59.42,2000.6714,1260.67,740.0014
5/1/2001,32.02,64.19,2055.3638,1266.44,788.9238
4/1/2001,27.96,69.16,1933.7136,1145.87,787.8436
3/1/2001,26.1,74.14,1935.054,1241.23,693.824
2/1/2001,27.81,76.8,2135.808,1373.47,762.338
1/1/2001,27.55,79.6,2192.98,1283.27,909.71
12/1/2000,26.62,82.62,2199.3444,1315.23,884.1144
11/1/2000,26.9,84.61,2276.009,1421.22,854.789
10/1/2000,26.5,86.69,2297.285,1436.23,861.055
9/1/2000,27.34,88.88,2429.9792,1520.77,909.2092
8/1/2000,27.97,88.36,2471.4292,1438.1,1033.3292
7/1/2000,28.05,87.37,2450.7285,1469.54,981.1885
6/1/2000,28.16,86.58,2438.0928,1448.81,989.2828
5/1/2000,27.49,86.5,2377.885,1468.25,909.635
4/1/2000,28.5,86.06,2452.71,1505.97,946.74
3/1/2000,28.31,85.56,2422.2036,1379.19,1043.0136
2/1/2000,27.76,84.7,2351.272,1409.28,941.992
1/1/2000,29.04,83.62,2428.3248,1455.22,973.1048
12/1/1999,29.66,82.29,2440.7214,1397.72,1043.0014
11/1/1999,29.74,79.89,2375.9286,1354.12,1021.8086
10/1/1999,28.66,77.54,2222.2964,1282.81,939.4864
9/1/1999,29.99,75.28,2257.6472,1331.07,926.5772
8/1/1999,30.89,73.95,2284.3155,1328.05,956.2655
7/1/1999,32.88,72.44,2381.8272,1380.96,1000.8672
6/1/1999,32.24,70.96,2287.7504,1294.26,993.4904
5/1/1999,33.19,69.44,2304.7136,1354.63,950.0836
4/1/1999,34,67.91,2308.94,1293.72,1015.22
3/1/1999,33.39,66.88,2233.1232,1236.16,996.9632
2/1/1999,32.67,66.69,2178.7623,1273,905.7623
1/1/1999,32.92,66.38,2185.2296,1228.1,957.1296
12/1/1998,31.56,66.15,2087.694,1175.28,912.414
11/1/1998,30.25,66.33,2006.4825,1111.6,894.8825
10/1/1998,27.2,66.55,1810.16,986.39,823.77
9/1/1998,26.8,66.94,1793.992,994.26,799.732
8/1/1998,28,67.54,1891.12,1112.44,778.68
7/1/1998,29.9,68.14,2037.386,1148.56,888.826
6/1/1998,28.44,68.74,1954.9656,1090.98,863.9856
5/1/1998,28.3,69.16,1957.228,1121,836.228
4/1/1998,28.26,69.62,1967.4612,1108.15,859.3112
3/1/1998,27.23,70.09,1908.5507,1047.7,860.8507
2/1/1998,25.85,70.32,1817.772,1001.27,816.502
1/1/1998,24.29,70.56,1713.9024,975.04,738.8624
12/1/1997,24.23,70.8,1715.484,974.77,740.714
11/1/1997,23.46,71.26,1671.7596,938.99,732.7696
10/1/1997,23.58,71.76,1692.1008,955.41,736.6908
9/1/1997,23.06,72.48,1671.3888,927.58,743.8088
8/1/1997,22.83,72.61,1657.6863,947.14,710.5463
7/1/1997,22.8,72.69,1657.332,891.03,766.302
6/1/1997,21.61,72.73,1571.6953,846.36,725.3353
5/1/1997,20.6,72.63,1496.178,798.53,697.648
4/1/1997,18.94,72.4,1371.256,759.64,611.616
3/1/1997,19.69,72.31,1423.7839,795.31,628.4739
2/1/1997,20.09,71.58,1438.0422,786.73,651.3122
1/1/1997,19.53,70.9,1384.677,737.01,647.667
12/1/1996,19.19,70.21,1347.3299,756.56,590.7699
11/1/1996,19.45,68.56,1333.492,703.77,629.722
10/1/1996,19,67.04,1273.76,689.08,584.68
9/1/1996,18.75,65.59,1229.8125,654.72,575.0925
8/1/1996,18.6,65.13,1211.418,650.02,561.398
7/1/1996,18.26,64.59,1179.4134,675.88,503.5334
6/1/1996,19.15,64.05,1226.5575,667.68,558.8775
5/1/1996,19.1,63.56,1213.996,654.58,559.416
4/1/1996,18.85,63.15,1190.3775,653.73,536.6475
3/1/1996,19.01,62.86,1194.9686,644.37,550.5986
2/1/1996,19.1,63.13,1205.783,638.46,567.323
1/1/1996,18.08,63.29,1144.2832,620.73,523.5532
12/1/1995,18.1,63.61,1151.341,606.98,544.361
11/1/1995,17.33,64.33,1114.8389,584.22,530.6189
10/1/1995,16.76,65.05,1090.238,581.72,508.518
9/1/1995,16.45,66.02,1086.029,563.84,522.189
8/1/1995,16.01,65.68,1051.5368,559.64,491.8968
7/1/1995,16.07,65.38,1050.6566,547.09,503.5666
6/1/1995,15.67,64.91,1017.1397,533.49,483.6497
5/1/1995,15.5,63.85,989.675,514.26,475.415
4/1/1995,15.31,62.79,961.3149,501.85,459.4649
3/1/1995,15.15,61.81,936.4215,485.65,450.7715
2/1/1995,15.11,60.78,918.3858,470.4,447.9858
1/1/1995,14.89,59.78,890.1242,459.11,431.0142
12/1/1994,14.88,58.77,874.4976,448.92,425.5776
11/1/1994,15.62,56.67,885.1854,468.42,416.7654
10/1/1994,16.32,54.65,891.888,461.74,430.148
9/1/1994,17.09,52.59,898.7631,473.17,425.5931
8/1/1994,17.44,51.36,895.7184,461.01,434.7084
7/1/1994,17.42,50.2,874.484,446.2,428.284
6/1/1994,18.05,48.95,883.5475,457.63,425.9175
5/1/1994,18.5,47.5,878.75,453.02,425.73
4/1/1994,19,45.91,872.29,438.92,433.37
3/1/1994,20.42,44.36,905.8312,464.44,441.3912
2/1/1994,21.02,43.97,924.2494,479.62,444.6294
1/1/1994,21.34,43.58,929.9972,465.44,464.5572
12/1/1993,21.29,43.17,919.0893,461.89,457.1993
11/1/1993,21.63,42.19,912.5697,469.1,443.4697
10/1/1993,22.19,41.25,915.3375,461.28,454.0575
9/1/1993,22.5,40.44,909.9,463.15,446.75
8/1/1993,22.65,39.81,901.6965,450.15,451.5465
7/1/1993,22.72,39.2,890.624,449.02,441.604
6/1/1993,23.18,38.49,892.1982,453.83,438.3682
5/1/1993,22.83,38.88,887.6304,442.46,445.1704
4/1/1993,22.53,39.27,884.7531,450.3,434.4531
3/1/1993,22.69,39.72,901.2468,442.01,459.2368
2/1/1993,22.55,39.36,887.568,442.52,445.048
1/1/1993,22.5,38.99,877.275,435.38,441.895
12/1/1992,22.82,38.68,882.6776,430.78,451.8976
11/1/1992,22.56,37.94,855.9264,422.75,433.1764
10/1/1992,22.43,37.29,836.4147,416.29,420.1247
9/1/1992,23.2,36.71,851.672,416.07,435.602
8/1/1992,23.6,36.14,852.904,425.09,427.814
7/1/1992,23.88,35.56,849.1728,412.88,436.2928
6/1/1992,23.95,34.96,837.292,417.3,419.992
5/1/1992,24.75,34.5,853.875,412.53,441.345
4/1/1992,24.73,33.96,839.8308,404.23,435.6008
3/1/1992,25.16,33.41,840.5956,412.45,428.1456
2/1/1992,25.6,33.43,855.808,409.53,446.278
1/1/1992,25.93,33.4,866.062,417.26,448.802
12/1/1991,24.33,33.3,810.189,381.4,428.789
11/1/1991,23.27,34.61,805.3747,391.32,414.0547
10/1/1991,22.49,36,809.64,389.2,420.44
9/1/1991,21.73,37.34,811.3982,392.15,419.2482
8/1/1991,21.22,38.62,819.5164,387.12,432.3964
7/1/1991,20.14,39.85,802.579,377.92,424.659
6/1/1991,19.49,41.03,799.6747,388.06,411.6147
5/1/1991,18.98,42.24,801.7152,380.29,421.4252
4/1/1991,18.58,43.44,807.1152,371.3,435.8152
3/1/1991,17.78,44.6,792.988,370.47,422.518
2/1/1991,17.19,44.95,772.6905,343.05,429.6405
1/1/1991,15.35,45.3,695.355,326.45,368.905
12/1/1990,15.41,45.85,706.5485,324.1,382.4485
11/1/1990,14.68,46.14,677.3352,307.02,370.3152
10/1/1990,14.21,46.53,661.1913,314.94,346.2513
9/1/1990,14.51,47.1,683.421,323.09,360.331
8/1/1990,15.33,47.15,722.8095,355.52,367.2895
7/1/1990,16.81,47.23,793.9363,359.54,434.3963
6/1/1990,16.95,47.05,797.4975,363.16,434.3375
5/1/1990,16.37,47.61,779.3757,332.25,447.1257
4/1/1990,15.7,48.03,754.071,338.7,415.371
3/1/1990,15.62,48.41,756.1642,332.74,423.4242
2/1/1990,14.97,49.57,742.0629,328.79,413.2729
1/1/1990,15.13,50.71,767.2423,359.69,407.5523
12/1/1989,15.24,52.14,794.6136,350.63,443.9836
11/1/1989,14.7,52.85,776.895,341.2,435.695
10/1/1989,14.84,53.6,795.424,350.87,444.554
9/1/1989,14.66,54.49,798.8234,353.73,445.0934
8/1/1989,14.32,55.84,799.6288,343.75,455.8788
7/1/1989,13.43,57.11,766.9873,319.23,447.7573
6/1/1989,12.84,58.43,750.2412,321.97,428.2712
5/1/1989,12.49,58.37,729.0413,309.12,419.9213
4/1/1989,12.07,58.5,706.095,296.39,409.705
3/1/1989,11.73,58.68,688.3164,287.11,401.2064
2/1/1989,11.97,58.06,694.9782,297.09,397.8882
1/1/1989,11.82,57.34,677.7588,275.31,402.4488
12/1/1988,11.64,56.67,659.6388,272.49,387.1488
11/1/1988,11.57,55.96,647.4572,279.06,368.3972
10/1/1988,12.02,55.19,663.3838,271.38,392.0038
9/1/1988,11.79,54.55,643.1445,258.35,384.7945
8/1/1988,11.78,54.06,636.8268,272.21,364.6168
7/1/1988,12.22,53.43,652.9146,271.78,381.1346
6/1/1988,12.49,52.8,659.472,266.69,392.782
5/1/1988,12.41,50.51,626.8291,261.56,365.2691
4/1/1988,13.39,48.16,644.8624,256.09,388.7724
3/1/1988,14.29,45.88,655.6252,267.22,388.4052
2/1/1988,14.16,45.17,639.6072,255.04,384.5672
1/1/1988,14.02,44.39,622.3478,255.94,366.4078
12/1/1987,13.77,43.6,600.372,232,368.372
11/1/1987,14.45,42.24,610.368,255.75,354.618
10/1/1987,17.08,40.91,698.7428,327.33,371.4128
9/1/1987,20.09,39.65,796.5685,323.4,473.1685
8/1/1987,21.42,38.65,827.883,317.57,510.313
7/1/1987,20.81,37.64,783.2884,302.94,480.3484
6/1/1987,20.9,36.53,763.477,289.83,473.647
5/1/1987,19.74,37.23,734.9202,288.03,446.8902
4/1/1987,19.45,37.94,737.933,292.38,445.553
3/1/1987,19.37,38.73,750.2001,283,467.2001
2/1/1987,18.86,38.37,723.6582,276.45,447.2082
1/1/1987,18.01,37.97,683.8397,246.45,437.3897
12/1/1986,17.17,37.67,646.7939,249.05,397.7439
11/1/1986,16.78,38.03,638.1434,245.8,392.3434
10/1/1986,16.12,38.39,618.8468,233.6,385.2468
9/1/1986,16.05,38.74,621.777,248.52,373.257
8/1/1986,16.55,38.8,642.14,234.91,407.23
7/1/1986,16.28,38.75,630.85,252.04,378.81
6/1/1986,16.68,38.62,644.1816,245.04,399.1416
5/1/1986,16.28,38.67,629.5476,235.16,394.3876
4/1/1986,16.32,38.61,630.1152,235.14,394.9752
3/1/1986,16,38.37,613.92,225.42,388.5
2/1/1986,15.08,38.27,577.1116,213.96,363.1516
1/1/1986,14.28,38.25,546.21,209.59,336.62
12/1/1985,14.19,38.43,545.3217,200.46,344.8617
11/1/1985,13.33,39.08,520.9364,191.53,329.4064
10/1/1985,12.39,39.74,492.3786,185.07,307.3086
9/1/1985,12.09,40.43,488.7987,187.91,300.8887
8/1/1985,12.26,40.88,501.1888,192.11,309.0788
7/1/1985,12.43,41.29,513.2347,192.43,320.8047
6/1/1985,12.1,41.71,504.691,189.32,315.371
5/1/1985,11.65,42.52,495.358,178.37,316.988
4/1/1985,11.2,43.38,485.856,181.27,304.586
3/1/1985,10.95,44.29,484.9755,183.23,301.7455
2/1/1985,10.98,44.68,490.5864,178.63,311.9564
1/1/1985,10.36,45.12,467.4432,165.37,302.0732
12/1/1984,9.89,45.43,449.3027,162.82,286.4827
11/1/1984,10.01,45.36,454.0536,167.49,286.5636
10/1/1984,9.94,45.29,450.1826,164.62,285.5626
9/1/1984,10.03,45.34,454.7602,164.88,289.8802
8/1/1984,10,45.23,452.3,154.08,298.22
7/1/1984,9.26,45.07,417.3482,153.2,264.1482
6/1/1984,9.45,44.91,424.3995,153.24,271.1595
5/1/1984,9.86,44.17,435.5162,161.68,273.8362
4/1/1984,10.12,43.43,439.5116,157.98,281.5316
3/1/1984,10.31,42.76,440.8556,158.19,282.6656
2/1/1984,10.59,41.69,441.4971,162.74,278.7571
1/1/1984,11.52,40.74,469.3248,164.04,305.2848
12/1/1983,11.72,39.82,466.6904,166.49,300.2004
11/1/1983,11.98,39.17,469.2566,163.66,305.5966
10/1/1983,12.38,38.55,477.249,165.81,311.439
9/1/1983,12.57,37.97,477.2829,164.23,313.0529
8/1/1983,12.43,37.48,465.8764,162.04,303.8364
7/1/1983,13.02,36.91,480.5682,168.64,311.9282
6/1/1983,13.22,36.38,480.9436,162.55,318.3936
5/1/1983,13.09,36.32,475.4288,162.11,313.3188
4/1/1983,12.64,36.38,459.8432,153.02,306.8232
3/1/1983,12.23,36.47,446.0281,150.88,295.1481
2/1/1983,11.75,36.69,431.1075,142.96,288.1475
1/1/1983,11.48,36.94,424.0712,138.34,285.7312
12/1/1982,11.03,37.23,410.6469,138.72,271.9269
11/1/1982,10.67,37.98,405.2466,135.47,269.7766
10/1/1982,10.01,38.8,388.388,121.97,266.418
9/1/1982,9.03,39.82,359.5746,118.25,241.3246
8/1/1982,7.97,40.5,322.785,108.98,213.805
7/1/1982,7.83,41.18,322.4394,108.71,213.7294
6/1/1982,7.74,42,325.08,111.68,213.4
5/1/1982,8.09,43.17,349.2453,116.82,232.4253
4/1/1982,7.97,44.22,352.4334,113.79,238.6434
3/1/1982,7.48,45.06,337.0488,113.31,223.7388
2/1/1982,7.64,45.57,348.1548,117.78,230.3748
1/1/1982,7.73,46.27,357.6671,122.74,234.9271
12/1/1981,8.06,46.98,378.6588,126.1,252.5588
11/1/1981,8.02,47.04,377.2608,124.2,253.0608
10/1/1981,7.83,47.1,368.793,117.08,251.713
9/1/1981,7.75,47.1,365.025,123.02,242.005
8/1/1981,8.54,47.29,403.8566,130.48,273.3766
7/1/1981,8.55,47.38,405.099,129.77,275.329
6/1/1981,8.81,47.63,419.6203,132.41,287.2103
5/1/1981,8.86,47.6,421.736,132.72,289.016
4/1/1981,9.13,47.51,433.7663,136.57,297.1963
3/1/1981,9.14,47.37,432.9618,132.01,300.9518
2/1/1981,8.76,47.95,420.042,126.91,293.132
1/1/1981,9.02,48.71,439.3642,136.34,303.0242
12/1/1980,9.01,49.37,444.8237,137.21,307.6137
11/1/1980,9.19,49.63,456.0997,129.04,327.0597
10/1/1980,8.86,49.84,441.5824,127.13,314.4524
9/1/1980,8.64,50.11,432.9504,123.74,309.2104
8/1/1980,8.38,50.87,426.2906,121.21,305.0806
7/1/1980,8.07,51.59,416.3313,114.93,301.4013
6/1/1980,7.67,51.94,398.3798,110.76,287.6198
5/1/1980,7.15,52.92,378.378,105.46,272.918
4/1/1980,6.79,53.86,365.7094,102.18,263.5294
3/1/1980,6.85,54.88,375.928,112.5,263.428
2/1/1980,7.61,55.19,419.9959,115.12,304.8759
1/1/1980,7.39,55.44,409.7016,105.76,303.9416
12/1/1979,7.25,55.7,403.825,105.83,297.995
11/1/1979,7.01,56,392.56,102.57,289.99
10/1/1979,7.11,56.23,399.7953,108.56,291.2353
9/1/1979,7.42,56.38,418.3396,107.44,310.8996
8/1/1979,7.45,56.15,418.3175,104.17,314.1475
7/1/1979,7.23,55.84,403.7232,101.99,301.7332
6/1/1979,7.27,55.59,404.1393,99.17,304.9693
5/1/1979,7.25,55.3,400.925,101.68,299.245
4/1/1979,7.55,55.08,415.854,100.9,314.954
3/1/1979,7.53,54.78,412.4934,96.9,315.5934
2/1/1979,7.57,53.99,408.7043,99.96,308.7443
1/1/1979,7.88,53.26,419.6888,96.73,322.9588
12/1/1978,7.79,52.36,407.8844,96.28,311.6044
11/1/1978,7.84,51.51,403.8384,96.85,306.9884
10/1/1978,8.51,50.66,431.1166,102.96,328.1566
9/1/1978,8.98,50.02,449.1796,103.68,345.4996
8/1/1978,9.07,49.91,452.6837,100.66,352.0237
7/1/1978,8.57,49.64,425.4148,95.09,330.3248
6/1/1978,8.7,49.52,430.824,97.35,333.474
5/1/1978,8.75,49.6,434,97.67,336.33
4/1/1978,8.41,49.6,417.136,88.46,328.676
3/1/1978,8.13,49.52,402.5976,87.19,315.4076
2/1/1978,8.16,49.87,406.9392,89.93,317.0092
1/1/1978,8.28,50.14,415.1592,93.82,321.3392
12/1/1977,8.62,50.42,434.6204,94.69,339.9304
11/1/1977,8.71,50.3,438.113,91.35,346.763
10/1/1977,8.7,50.27,437.349,96.74,340.609
9/1/1977,8.99,50.15,450.8485,96.83,354.0185
8/1/1977,9.21,49.86,459.2106,99.12,360.0906
7/1/1977,9.53,49.57,472.4021,100.1,372.3021
6/1/1977,9.53,49.35,470.3055,96.93,373.3755
5/1/1977,9.58,49.14,470.7612,98.93,371.8312
4/1/1977,9.72,48.84,474.7248,99.21,375.5148
3/1/1977,9.98,48.71,486.1258,100.66,385.4658
2/1/1977,10.08,48.76,491.5008,102.54,388.9608
1/1/1977,10.41,48.98,509.8818,107,402.8818
12/1/1976,10.57,48.95,517.4015,102.49,414.9115
11/1/1976,10.34,48.53,501.8002,103.1,398.7002
10/1/1976,10.54,48.02,506.1308,104.17,401.9608
9/1/1976,11.05,47.67,526.7535,104.06,422.6935
8/1/1976,10.93,47.33,517.3169,103.19,414.1269
7/1/1976,11.14,47.08,524.4712,103.59,420.8812
6/1/1976,11.01,46.82,515.4882,99.85,415.6382
5/1/1976,11.18,46.07,515.0626,100.92,414.1426
4/1/1976,11.51,45.39,522.4389,102.24,420.1989
3/1/1976,11.67,44.54,519.7818,100.02,419.7618
2/1/1976,11.94,43.42,518.4348,100.87,417.5648
1/1/1976,11.82,42.37,500.8134,90.9,409.9134
12/1/1975,11.14,41.23,459.3022,90.67,368.6322
11/1/1975,11.41,41.04,468.2664,88.09,380.1764
10/1/1975,11.32,40.99,464.0068,82.93,381.0768
9/1/1975,10.91,40.86,445.7826,85.48,360.3026
8/1/1975,10.95,41.44,453.768,87.99,365.778
7/1/1975,11.72,41.87,490.7164,94.85,395.8664
6/1/1975,11.61,42.7,495.747,92.58,403.167
5/1/1975,11.09,43.9,486.851,88.1,398.751
4/1/1975,10.22,45.04,460.3088,82.64,377.6688
3/1/1975,9.91,46.1,456.851,83.03,373.821
2/1/1975,9.32,47.08,438.7856,77.82,360.9656
1/1/1975,8.3,48.25,400.475,70.23,330.245
12/1/1974,7.54,49.25,371.345,68.11,303.235
11/1/1974,8,50.04,400.32,73.88,326.44
10/1/1974,7.68,50.84,390.4512,63.39,327.0612
9/1/1974,7.48,51.76,387.1648,70.52,316.6448
8/1/1974,8.46,51.67,437.1282,78.75,358.3782
7/1/1974,8.95,51.58,461.641,86.02,375.621
6/1/1974,10.27,51.28,526.6456,89.1,437.5456
5/1/1974,10.41,50.95,530.3895,92.22,438.1695
4/1/1974,10.89,50.83,553.5387,93.25,460.2887
3/1/1974,11.66,50.28,586.2648,95.53,490.7348
2/1/1974,11.27,50.52,569.3604,95.32,474.0404
1/1/1974,11.68,50.76,592.8768,97.68,495.1968
12/1/1973,11.62,50.78,590.0636,93.9,496.1636
11/1/1973,12.74,50.13,638.6562,107.69,530.9662
10/1/1973,13.99,49.47,692.0853,108.21,583.8753
9/1/1973,13.73,48.91,671.5343,104.51,567.0243
8/1/1973,13.77,48.04,661.5108,106.83,554.6808
7/1/1973,14.33,47.92,686.6936,102.9,583.7936
6/1/1973,14.5,47.03,681.935,103.93,578.005
5/1/1973,15.13,46.41,702.1833,107.1,595.0833
4/1/1973,15.89,45.79,727.6031,110.18,617.4231
3/1/1973,16.53,45.15,746.3295,111.05,635.2795
2/1/1973,17.11,44.72,765.1592,114.76,650.3992
1/1/1973,18.09,44.18,799.2162,119.1,680.1162
12/1/1972,18.3,43.43,794.769,117.38,677.389
11/1/1972,18.19,42.9,780.351,112.67,667.681
10/1/1972,17.58,42.37,744.8646,110.16,634.7046
9/1/1972,17.82,41.93,747.1926,111.51,635.6826
8/1/1972,18.25,41.64,759.93,108.4,651.53
7/1/1972,17.79,41.35,735.6165,107.49,628.1265
6/1/1972,18.09,41.16,744.5844,109.69,634.8944
5/1/1972,18.2,40.89,744.198,106.69,637.508
4/1/1972,18.56,40.62,753.9072,107.48,646.4272
3/1/1972,18.54,40.35,748.089,107.35,640.739
2/1/1972,18.22,40.19,732.2618,104.01,628.2518
1/1/1972,18.01,40.13,722.7413,101.67,621.0713
12/1/1971,17.4,39.87,693.738,95.44,598.298
11/1/1971,16.54,39.44,652.3376,92.8,559.5376
10/1/1971,17.62,38.8,683.656,98.93,584.726
9/1/1971,18.31,38.26,700.5406,99.07,601.4706
8/1/1971,18.03,38,685.14,95.96,589.18
7/1/1971,18.48,37.84,699.2832,99.78,599.5032
6/1/1971,18.74,37.67,705.9358,100.2,605.7358
5/1/1971,19.22,37.72,724.9784,103.29,621.6884
4/1/1971,19.61,37.66,738.5126,100.39,638.1226
3/1/1971,19.08,37.52,715.8816,97,618.8816
2/1/1971,18.71,37.4,699.754,96.42,603.334
1/1/1971,18.12,37.27,675.3324,91.15,584.1824
12/1/1970,17.55,37.06,650.403,87.47,562.933
11/1/1970,16.19,37.8,611.982,83.51,528.472
10/1/1970,15.97,38.55,615.6435,84.32,531.3235
9/1/1970,15.41,39.31,605.7671,80.95,524.8171
8/1/1970,14.39,39.91,574.3049,77.02,497.2849
7/1/1970,13.85,40.3,558.155,72.94,485.215
6/1/1970,13.69,40.9,559.921,77.84,482.081
5/1/1970,13.69,41.39,566.6291,81.44,485.1891
4/1/1970,15.37,41.77,642.0049,90.07,551.9349
3/1/1970,15.75,42.37,667.3275,89.71,577.6175
2/1/1970,15.35,42.97,659.5895,85.75,573.8395
1/1/1970,15.76,43.58,686.8208,93,593.8208
12/1/1969,15.76,44.08,694.7008,93.22,601.4808
11/1/1969,16.54,44.6,737.684,97.15,640.534
10/1/1969,16.32,45.12,736.3584,92.52,643.8384
9/1/1969,16.05,45.64,732.522,95.54,636.982
8/1/1969,16.04,45.64,732.0656,93.47,638.5956
7/1/1969,16.17,45.76,739.9392,98.08,641.8592
6/1/1969,16.98,45.87,778.8726,102.94,675.9326
5/1/1969,17.93,46.07,826.0351,103.51,722.5251
4/1/1969,17.39,46.15,802.5485,101.42,701.1285
3/1/1969,17.06,46.35,790.731,98.38,692.351
2/1/1969,17.5,46.58,815.15,102.89,712.26
1/1/1969,17.65,46.68,823.902,103.93,719.972
12/1/1968,18.49,46.65,862.5585,108.12,754.4385
11/1/1968,18.41,46.51,856.2491,103.06,753.1891
10/1/1968,18.23,46.37,845.3251,102.86,742.4651
9/1/1968,17.9,46.36,829.844,99.32,730.524
8/1/1968,17.43,46.25,806.1375,97.28,708.8575
7/1/1968,17.91,46.13,826.1883,99.4,726.7883
6/1/1968,18.04,46.15,832.546,99.99,732.556
5/1/1968,17.71,46.06,815.7226,97.97,717.7526
4/1/1968,17.45,45.83,799.7335,92.48,707.2535
3/1/1968,16.38,45.6,746.928,89.11,657.818
2/1/1968,16.8,45.42,763.056,92.56,670.496
1/1/1968,17.71,45.25,801.3775,96.11,705.2675
12/1/1967,17.88,45.2,808.176,94.5,713.676
11/1/1967,17.42,45.25,788.255,92.71,695.545
10/1/1967,18.02,45.3,816.306,96.32,719.986
9/1/1967,18.08,45.35,819.928,93.68,726.248
8/1/1967,17.79,45.57,810.6903,95.37,715.3203
7/1/1967,17.48,45.79,800.4092,90.91,709.4992
6/1/1967,17.15,46.02,789.243,90.23,699.013
5/1/1967,17.24,46.5,801.66,93.84,707.82
4/1/1967,16.81,46.99,789.9019,89.24,700.6619
3/1/1967,16.41,47.48,779.1468,87.68,691.4668
2/1/1967,15.93,47.92,763.3656,86.43,676.9356
1/1/1967,15.31,48.21,738.0951,80.38,657.7151
12/1/1966,14.65,48.5,710.525,80.08,630.445
11/1/1966,14.63,48.38,707.7994,80.81,626.9894
10/1/1966,13.96,48.27,673.8492,74.9,598.9492
9/1/1966,14.12,48.44,683.9728,77.7,606.2728
8/1/1966,14.68,48.3,709.044,82.31,626.734
7/1/1966,15.67,48.45,759.2115,85.61,673.6015
6/1/1966,15.76,48.45,763.572,86.1,677.472
5/1/1966,16.01,48.24,772.3224,90.9,681.4224
4/1/1966,17.03,47.89,815.5667,89.94,725.6267
3/1/1966,16.64,47.83,795.8912,90.06,705.8312
2/1/1966,17.52,47.53,832.7256,92.16,740.5656
1/1/1966,17.81,47.37,843.6597,92.18,751.4797
12/1/1965,17.67,46.92,829.0764,91.5,737.5764
11/1/1965,18,46.44,835.92,92.23,743.69
10/1/1965,18.1,45.8,828.98,89.9,739.08
9/1/1965,17.95,45.31,813.3145,87.17,726.1445
8/1/1965,17.53,44.88,786.7464,85.42,701.3264
7/1/1965,17.38,44.46,772.7148,84.48,688.2348
6/1/1965,17.57,44.04,773.7828,88.72,685.0628
5/1/1965,18.65,43.83,817.4295,89.23,728.1995
4/1/1965,18.59,43.34,805.6906,86.32,719.3706
3/1/1965,18.55,42.99,797.4645,87.25,710.2145
2/1/1965,18.71,42.73,799.4783,87.58,711.8983
1/1/1965,18.75,42.33,793.6875,84.23,709.4575
12/1/1964,18.45,41.93,773.6085,83.55,690.0585
11/1/1964,18.89,41.68,787.3352,85.18,702.1552
10/1/1964,18.87,41.57,784.4259,84.08,700.3459
9/1/1964,18.66,41.32,771.0312,82.18,688.8512
8/1/1964,18.54,41.02,760.5108,83,677.5108
7/1/1964,19.01,40.46,769.1446,82.27,686.8746
6/1/1964,18.53,40.16,744.1648,80.11,664.0548
5/1/1964,18.86,39.82,751.0052,80.17,670.8352
4/1/1964,18.9,39.36,743.904,79.24,664.664
3/1/1964,18.85,38.89,733.0765,77.97,655.1065
2/1/1964,18.75,38.4,720,76.97,643.03
1/1/1964,18.77,37.9,711.383,75.43,635.953
12/1/1963,18.45,37.4,690.03,73.66,616.37
11/1/1963,18.16,37.34,678.0944,73.83,604.2644
10/1/1963,18.35,37.15,681.7025,72.22,609.4825
9/1/1963,18.4,37.09,682.456,72.66,609.796
8/1/1963,18.11,36.71,664.8181,69.07,595.7481
7/1/1963,17.8,36.34,646.852,68.86,577.992
6/1/1963,18.26,36.08,658.8208,70.69,588.1308
5/1/1963,18.47,35.79,661.0413,69.97,591.0713
4/1/1963,18.32,35.38,648.1616,66.85,581.3116
3/1/1963,17.7,34.97,618.969,64.1,554.869
2/1/1963,17.83,34.96,623.3368,66.31,557.0268
1/1/1963,17.66,34.83,615.0978,62.69,552.4078
12/1/1962,17.07,34.71,592.4997,61.94,530.5597
11/1/1962,16.57,34.27,567.8539,57.12,510.7339
10/1/1962,15.7,33.83,531.131,55.49,475.641
9/1/1962,16.43,33.38,548.4334,58.56,489.8734
8/1/1962,16.67,33.3,555.111,57.75,497.361
7/1/1962,16.32,33.12,540.5184,55.86,484.6584
6/1/1962,16.03,33.03,529.4709,59.38,470.0909
5/1/1962,18.33,32.72,599.7576,65.7,534.0576
4/1/1962,20,32.4,648,69.37,578.63
3/1/1962,20.86,32.19,671.4834,70.2,601.2834
2/1/1962,21.21,31.62,670.6602,69.26,601.4002
1/1/1962,21.25,31.15,661.9375,70.96,590.9775
