Date,P/E Ratio,Closing Price,Open,Low,High,Volume
9/1/2021,25.35,4524.09,4528.8,4522.02,4537.11,3101830000
8/1/2021,26.23,4387.16,#N/A,#N/A,#N/A,#N/A
7/1/2021,26.56,4319.94,4300.73,4300.73,4320.66,3077580000
6/1/2021,26.7,4202.04,4216.52,4197.59,4234.12,4122960000
5/1/2021,28.05,4192.66,#N/A,#N/A,#N/A,#N/A
4/1/2021,29.92,4019.87,3992.78,3992.78,4020.63,4151240000
3/1/2021,30.5,3901.82,3842.51,3842.51,3914.5,5071540000
2/1/2021,33.24,3773.86,3731.17,3725.62,3784.32,5392870000
1/1/2021,35.96,3700.65,#N/A,#N/A,#N/A,#N/A
12/1/2020,39.26,3662.45,3645.87,3645.87,3678.45,5403660000
11/1/2020,37.16,3310.24,#N/A,#N/A,#N/A,#N/A
10/1/2020,35.3,3380.8,3385.87,3361.39,3397.18,4070530000
9/1/2020,34.27,3526.65,3507.44,3494.6,3528.03,4083110000
8/1/2020,34.41,3294.61,#N/A,#N/A,#N/A,#N/A
7/1/2020,32.44,3115.86,3105.92,3101.17,3128.44,4443130000
6/1/2020,31.29,3055.73,3038.78,3031.54,3062.18,4673410000
5/1/2020,27.82,2830.71,2869.09,2821.61,2869.09,4753160000
4/1/2020,24.97,2470.5,2498.08,2447.49,2522.75,5947900000
3/1/2020,22.8,3090.23,#N/A,#N/A,#N/A,#N/A
2/1/2020,26.42,3248.92,#N/A,#N/A,#N/A,#N/A
1/1/2020,24.88,3257.85,#N/A,#N/A,#N/A,#N/A
12/1/2019,22.78,3113.87,#N/A,#N/A,#N/A,#N/A
11/1/2019,22.62,3066.91,3050.72,3050.72,3066.95,3930200000
10/1/2019,22.04,2940.25,2983.69,2938.7,2992.53,3558040000
9/1/2019,22.44,2906.27,#N/A,#N/A,#N/A,#N/A
8/1/2019,21.67,2953.56,2980.32,2945.23,3013.59,4762300000
7/1/2019,22.28,2964.33,2971.41,2952.22,2977.93,3513270000
6/1/2019,21.37,2744.45,#N/A,#N/A,#N/A,#N/A
5/1/2019,21.15,2923.73,2952.33,2923.36,2954.13,3645850000
4/1/2019,21.56,2867.19,2848.63,2848.63,2869.4,3500760000
3/1/2019,20.86,2803.69,2798.22,2787.38,2808.02,3972280000
2/1/2019,20.6,2706.53,2702.32,2696.88,2716.66,3759270000
1/1/2019,19.6,2510.03,#N/A,#N/A,#N/A,#N/A
12/1/2018,19.39,2790.37,#N/A,#N/A,#N/A,#N/A
11/1/2018,20.67,2740.37,2717.58,2708.85,2741.67,4708420000
10/1/2018,21.25,2924.59,2926.29,2917.91,2937.06,3364190000
9/1/2018,22.25,2896.72,#N/A,#N/A,#N/A,#N/A
8/1/2018,22.37,2813.36,2821.17,2805.85,2825.83,3496990000
7/1/2018,22.33,2726.71,#N/A,#N/A,#N/A,#N/A
6/1/2018,22.49,2734.62,2718.7,2718.7,2736.93,3684130000
5/1/2018,22.49,2654.8,2642.96,2625.41,2655.27,3559850000
4/1/2018,22.53,2581.88,#N/A,#N/A,#N/A,#N/A
3/1/2018,23.41,2677.67,2715.22,2659.65,2730.89,4503970000
2/1/2018,23.82,2821.98,2816.45,2812.7,2835.96,3938450000
1/1/2018,24.97,2695.81,#N/A,#N/A,#N/A,#N/A
12/1/2017,24.25,2642.22,2645.1,2605.52,2650.62,3942320000
11/1/2017,23.81,2579.36,2583.21,2574.92,2588.4,3813180000
10/1/2017,23.67,2529.12,#N/A,#N/A,#N/A,#N/A
9/1/2017,23.28,2476.55,2474.42,2473.85,2480.38,2710730000
8/1/2017,23.16,2476.35,2477.1,2471.14,2478.51,3460860000
7/1/2017,23.36,2429.01,#N/A,#N/A,#N/A,#N/A
6/1/2017,23.4,2430.06,2415.65,2413.54,2430.06,3857140000
5/1/2017,23.31,2388.33,2388.5,2384.83,2394.49,3199240000
4/1/2017,23.24,2358.84,#N/A,#N/A,#N/A,#N/A
3/1/2017,23.6,2395.96,2380.13,2380.13,2400.98,4345180000
2/1/2017,23.68,2279.55,2285.59,2272.44,2289.14,3916610000
1/1/2017,23.59,2257.83,#N/A,#N/A,#N/A,#N/A
12/1/2016,23.76,2191.08,2200.17,2187.44,2202.6,5063740000
11/1/2016,23.35,2111.72,2128.68,2097.85,2131.45,4532160000
10/1/2016,23.57,2161.2,#N/A,#N/A,#N/A,#N/A
9/1/2016,24.22,2170.86,2171.33,2157.09,2173.56,3392120000
8/1/2016,24.57,2170.84,2173.15,2166.21,2178.29,3505990000
7/1/2016,24.52,2102.95,2099.34,2097.9,2108.71,3458890000
6/1/2016,23.97,2099.33,2093.94,2085.1,2100.97,3525170000
5/1/2016,23.81,2081.43,#N/A,#N/A,#N/A,#N/A
4/1/2016,23.97,2072.78,2056.62,2043.98,2075.07,3749990000
3/1/2016,23.39,1978.35,1937.09,1937.09,1978.35,4819750000
2/1/2016,22.02,1939.38,1936.94,1920.3,1947.2,4322530000
1/1/2016,22.18,2012.66,#N/A,#N/A,#N/A,#N/A
12/1/2015,23.74,2102.63,2082.93,2082.93,2103.37,3712120000
11/1/2015,23.67,2104.05,#N/A,#N/A,#N/A,#N/A
10/1/2015,22.68,1923.82,1919.65,1900.7,1927.21,3983600000
9/1/2015,21.45,1913.85,1970.09,1903.07,1970.09,4371850000
8/1/2015,22.15,2098.04,#N/A,#N/A,#N/A,#N/A
7/1/2015,22.4,2077.42,2067,2067,2082.78,3727260000
6/1/2015,22.12,2111.73,2108.64,2102.54,2119.15,3011710000
5/1/2015,21.92,2108.29,2087.38,2087.38,2108.41,3379390000
4/1/2015,21.42,2059.69,2067.63,2048.38,2067.63,3543270000
3/1/2015,20.96,2117.39,#N/A,#N/A,#N/A,#N/A
2/1/2015,20.77,2020.85,#N/A,#N/A,#N/A,#N/A
1/1/2015,20.02,2058.2,#N/A,#N/A,#N/A,#N/A
12/1/2014,20.08,2053.44,2065.78,2049.57,2065.78,4159010000
11/1/2014,19.75,2017.81,#N/A,#N/A,#N/A,#N/A
10/1/2014,18.5,1946.16,1971.44,1941.72,1971.44,4188590000
9/1/2014,18.81,2002.28,#N/A,#N/A,#N/A,#N/A
8/1/2014,18.68,1925.15,1929.8,1916.37,1937.35,3789660000
7/1/2014,18.96,1973.32,1962.29,1962.29,1978.58,3188240000
6/1/2014,18.88,1924.97,#N/A,#N/A,#N/A,#N/A
5/1/2014,18.46,1883.68,1884.39,1878.04,1888.59,3416740000
4/1/2014,18.35,1885.52,1873.96,1873.96,1885.84,3336190000
3/1/2014,18.48,1845.73,#N/A,#N/A,#N/A,#N/A
2/1/2014,18.06,1741.89,#N/A,#N/A,#N/A,#N/A
1/1/2014,18.15,1831.98,#N/A,#N/A,#N/A,#N/A
12/1/2013,18.04,1800.9,#N/A,#N/A,#N/A,#N/A
11/1/2013,18.15,1761.64,1758.7,1752.7,1765.67,3686290000
10/1/2013,17.86,1695,1682.41,1682.07,1696.55,3238690000
9/1/2013,17.88,1639.77,#N/A,#N/A,#N/A,#N/A
8/1/2013,17.91,1706.87,1689.42,1689.42,1707.85,3775170000
7/1/2013,18.12,1614.96,1609.78,1609.78,1626.61,3104690000
6/1/2013,17.8,1640.42,#N/A,#N/A,#N/A,#N/A
5/1/2013,18.25,1582.7,1597.55,1581.28,1597.55,3530320000
4/1/2013,17.69,1562.17,1569.18,1558.47,1570.57,2753110000
3/1/2013,17.68,1518.2,1514.68,1501.48,1519.99,3695610000
2/1/2013,17.32,1513.17,1498.11,1498.11,1514.41,3836320000
1/1/2013,17.03,1462.42,#N/A,#N/A,#N/A,#N/A
12/1/2012,16.44,1409.46,#N/A,#N/A,#N/A,#N/A
11/1/2012,16.12,1427.59,1412.2,1412.2,1428.35,3929890000
10/1/2012,16.62,1444.49,1440.9,1440.9,1457.14,3505080000
9/1/2012,16.69,1404.94,#N/A,#N/A,#N/A,#N/A
8/1/2012,16.14,1375.32,1379.32,1373.35,1385.03,4440920000
7/1/2012,15.55,1365.51,#N/A,#N/A,#N/A,#N/A
6/1/2012,15.05,1278.04,1309.87,1277.25,1309.87,4669350000
5/1/2012,15.22,1405.82,1397.86,1395.73,1415.32,3807950000
4/1/2012,15.7,1419.04,#N/A,#N/A,#N/A,#N/A
3/1/2012,15.69,1374.09,1365.9,1365.9,1376.17,3919240000
2/1/2012,15.37,1324.09,1312.45,1312.45,1330.52,4504360000
1/1/2012,14.87,1277.06,#N/A,#N/A,#N/A,#N/A
12/1/2011,14.3,1244.58,1246.91,1239.73,1251.09,3818680000
11/1/2011,14.1,1218.28,1251,1215.42,1251,5645540000
10/1/2011,13.88,1099.23,#N/A,#N/A,#N/A,#N/A
9/1/2011,13.5,1204.42,1219.12,1203.85,1229.29,4780410000
8/1/2011,13.79,1286.94,1292.59,1274.73,1307.38,4967390000
7/1/2011,15.61,1339.67,1320.64,1318.18,1341.01,3796930000
6/1/2011,15.35,1314.55,1345.2,1313.71,1345.2,4241090000
5/1/2011,16.12,1361.22,#N/A,#N/A,#N/A,#N/A
4/1/2011,16.21,1332.41,1329.48,1328.89,1337.85,4223740000
3/1/2011,16.04,1306.33,1328.64,1306.14,1332.09,1180420000
2/1/2011,16.52,1307.59,1289.14,1289.14,1308.86,5164500000
1/1/2011,16.3,1271.87,#N/A,#N/A,#N/A,#N/A
12/1/2010,16.05,1206.07,1186.6,1186.6,1207.61,4548110000
11/1/2010,15.88,1184.38,1185.71,1177.65,1195.81,4129180000
10/1/2010,15.9,1146.24,1143.49,1139.42,1150.3,4298910000
9/1/2010,15.61,1080.29,1049.72,1049.72,1081.3,4396880000
8/1/2010,15.47,1125.86,#N/A,#N/A,#N/A,#N/A
7/1/2010,15.72,1027.37,1031.1,1010.91,1033.58,6435770000
6/1/2010,16.15,1070.71,1087.3,1069.89,1094.77,5271480000
5/1/2010,17.3,1202.26,#N/A,#N/A,#N/A,#N/A
4/1/2010,19.01,1178.1,1171.23,1170.69,1181.43,4006870000
3/1/2010,18.91,1115.71,1105.36,1105.36,1116.11,3847640000
2/1/2010,18.91,1089.19,1073.89,1073.89,1089.38,4077610000
1/1/2010,20.7,1132.99,#N/A,#N/A,#N/A,#N/A
12/1/2009,21.78,1108.86,1098.89,1098.89,1112.28,4249310000
11/1/2009,28.51,1042.88,#N/A,#N/A,#N/A,#N/A
10/1/2009,42.12,1029.85,1054.91,1029.45,1054.91,5791450000
9/1/2009,83.3,998.04,1019.52,996.28,1028.45,6862360000
8/1/2009,92.95,1002.63,#N/A,#N/A,#N/A,#N/A
7/1/2009,101.87,923.33,920.82,920.82,931.92,3919400000
6/1/2009,123.32,942.87,923.26,923.26,947.77,6370440000
5/1/2009,123.73,877.52,872.74,866.1,880.48,5312170000
4/1/2009,119.85,811.08,793.59,783.32,813.62,6034140000
3/1/2009,110.37,700.82,#N/A,#N/A,#N/A,#N/A
2/1/2009,84.46,825.44,#N/A,#N/A,#N/A,#N/A
1/1/2009,70.91,931.8,#N/A,#N/A,#N/A,#N/A
12/1/2008,58.98,816.21,888.61,815.69,888.61,6052010000
11/1/2008,34.99,966.3,#N/A,#N/A,#N/A,#N/A
10/1/2008,27.22,1161.06,1164.17,1140.77,1167.03,5782130000
9/1/2008,26.48,1277.58,#N/A,#N/A,#N/A,#N/A
8/1/2008,26.83,1260.31,1269.42,1254.54,1270.52,4684870000
7/1/2008,25.37,1284.91,1276.69,1260.68,1285.31,5846290000
6/1/2008,26.11,1385.67,#N/A,#N/A,#N/A,#N/A
5/1/2008,25.81,1409.34,1385.97,1383.07,1410.07,4448780000
4/1/2008,23.88,1370.18,1326.41,1326.41,1370.18,4745120000
3/1/2008,21.81,1331.34,#N/A,#N/A,#N/A,#N/A
2/1/2008,21.74,1395.42,1378.6,1375.93,1396.02,4650770000
1/1/2008,21.46,1447.16,#N/A,#N/A,#N/A,#N/A
12/1/2007,22.35,1472.42,#N/A,#N/A,#N/A,#N/A
11/1/2007,20.81,1508.44,1545.79,1506.66,1545.79,4241470000
10/1/2007,20.68,1547.04,1527.29,1527.25,1549.02,3281990000
9/1/2007,19.05,1489.42,#N/A,#N/A,#N/A,#N/A
8/1/2007,18.02,1465.81,1455.18,1439.59,1468.38,5256780000
7/1/2007,18.36,1519.43,#N/A,#N/A,#N/A,#N/A
6/1/2007,17.83,1536.34,1530.62,1530.62,1540.56,2927020000
5/1/2007,17.92,1486.3,1482.37,1476.7,1487.27,3400350000
4/1/2007,17.48,1424.55,#N/A,#N/A,#N/A,#N/A
3/1/2007,16.92,1403.17,1406.8,1380.87,1409.46,3874910000
2/1/2007,17.49,1445.94,1437.9,1437.9,1446.64,2914890000
1/1/2007,17.36,1416.6,#N/A,#N/A,#N/A,#N/A
12/1/2006,17.38,1396.71,1400.63,1385.93,1402.46,2800980000
11/1/2006,17.24,1367.81,1377.76,1366.26,1381.95,2821160000
10/1/2006,17.14,1331.32,#N/A,#N/A,#N/A,#N/A
9/1/2006,16.77,1311.01,1303.8,1303.8,1312.03,1800520000
8/1/2006,16.67,1270.92,1278.53,1265.71,1278.66,2527690000
7/1/2006,16.61,1280.19,#N/A,#N/A,#N/A,#N/A
6/1/2006,16.82,1285.71,1270.05,1269.19,1285.71,2360160000
5/1/2006,17.46,1305.19,1310.61,1303.46,1317.21,2437040000
4/1/2006,17.77,1297.81,#N/A,#N/A,#N/A,#N/A
3/1/2006,17.8,1291.24,1280.66,1280.66,1291.8,2308320000
2/1/2006,17.8,1282.46,1280.08,1277.57,1283.33,2589410000
1/1/2006,18.07,1268.8,#N/A,#N/A,#N/A,#N/A
12/1/2005,18.07,1264.67,1249.48,1249.48,1266.17,2614830000
11/1/2005,18.01,1202.76,1207.01,1201.66,1207.34,2457850000
10/1/2005,17.64,1226.7,#N/A,#N/A,#N/A,#N/A
9/1/2005,18.44,1221.59,1220.33,1216.18,1227.29,2229860000
8/1/2005,18.72,1235.35,1234.18,1233.8,1239.1,1716870000
7/1/2005,19,1194.44,1191.33,1191.33,1197.89,1593820000
6/1/2005,19,1202.22,1191.5,1191.03,1205.64,1810100000
5/1/2005,18.93,1162.16,#N/A,#N/A,#N/A,#N/A
4/1/2005,19.02,1172.92,1180.59,1169.91,1189.8,2168690000
3/1/2005,19.84,1210.41,1203.6,1203.6,1212.25,1708060000
2/1/2005,20.11,1189.41,1181.27,1180.95,1190.39,1681980000
1/1/2005,19.99,1202.08,#N/A,#N/A,#N/A,#N/A
12/1/2004,20.48,1191.37,1173.78,1173.78,1191.37,1772800000
11/1/2004,20.05,1130.51,1130.2,1127.6,1133.41,1395900000
10/1/2004,19.25,1131.5,1114.58,1114.58,1131.64,1582200000
9/1/2004,19.35,1105.91,1104.24,1099.18,1109.24,1142100000
8/1/2004,19.03,1106.62,#N/A,#N/A,#N/A,#N/A
7/1/2004,19.51,1128.94,1140.84,1123.06,1140.84,1495700000
6/1/2004,20.17,1121.2,1120.68,1113.32,1122.7,1238000000
5/1/2004,20.14,1117.49,#N/A,#N/A,#N/A,#N/A
4/1/2004,21.23,1132.17,1126.21,1126.2,1135.67,1560700000
3/1/2004,21.61,1155.97,1144.94,1144.94,1157.45,1497100000
2/1/2004,22.46,1135.26,#N/A,#N/A,#N/A,#N/A
1/1/2004,22.73,1108.48,#N/A,#N/A,#N/A,#N/A
12/1/2003,22.17,1070.12,1058.2,1058.2,1070.47,1375000000
11/1/2003,23.15,1059.02,#N/A,#N/A,#N/A,#N/A
10/1/2003,24.75,1018.22,995.97,995.97,1018.22,1566300000
9/1/2003,26.42,1021.99,#N/A,#N/A,#N/A,#N/A
8/1/2003,26.57,980.15,990.31,978.86,990.31,1390600000
7/1/2003,27.65,982.32,974.5,962.1,983.26,1460200000
6/1/2003,28.6,967,#N/A,#N/A,#N/A,#N/A
5/1/2003,28.24,916.3,916.92,902.83,919.68,1397500000
4/1/2003,28.05,858.48,848.18,847.85,861.28,1461600000
3/1/2003,27.92,834.81,#N/A,#N/A,#N/A,#N/A
2/1/2003,28.46,860.32,#N/A,#N/A,#N/A,#N/A
1/1/2003,31.43,909.03,#N/A,#N/A,#N/A,#N/A
12/1/2002,32.59,934.53,#N/A,#N/A,#N/A,#N/A
11/1/2002,32.03,900.96,885.76,877.71,903.42,1450400000
10/1/2002,29.24,847.91,815.28,812.82,847.93,1780900000
9/1/2002,28.89,878.02,#N/A,#N/A,#N/A,#N/A
8/1/2002,31.53,884.66,911.62,882.48,911.62,1672200000
7/1/2002,32.46,968.65,989.82,967.43,994.46,1425500000
6/1/2002,37.92,1040.68,#N/A,#N/A,#N/A,#N/A
5/1/2002,41.41,1086.46,1076.92,1065.29,1088.32,1451400000
4/1/2002,43.81,1146.54,1147.39,1132.87,1147.84,1050900000
3/1/2002,46.71,1131.78,1106.73,1106.73,1131.79,1456500000
2/1/2002,44.57,1122.2,1130.2,1118.51,1130.2,1367200000
1/1/2002,46.17,1154.67,#N/A,#N/A,#N/A,#N/A
12/1/2001,46.37,1129.9,#N/A,#N/A,#N/A,#N/A
11/1/2001,43.62,1084.1,1059.78,1054.31,1085.61,1317400000
10/1/2001,39.72,1038.55,1040.94,1026.76,1040.94,1175600000
9/1/2001,36.9,1132.94,#N/A,#N/A,#N/A,#N/A
8/1/2001,37.85,1215.93,1211.23,1211.23,1223.04,1340300000
7/1/2001,35.46,1236.72,#N/A,#N/A,#N/A,#N/A
6/1/2001,33.67,1260.67,1255.82,1246.88,1265.34,1015000000
5/1/2001,32.02,1266.44,1249.46,1243.55,1266.47,1181300000
4/1/2001,27.96,1145.87,#N/A,#N/A,#N/A,#N/A
3/1/2001,26.1,1241.23,1239.94,1214.5,1241.36,1294900000
2/1/2001,27.81,1373.47,1366.01,1359.34,1373.5,1118800000
1/1/2001,27.55,1283.27,#N/A,#N/A,#N/A,#N/A
12/1/2000,26.62,1315.23,1314.95,1307.02,1334.67,1195200000
11/1/2000,26.9,1421.22,1429.4,1410.45,1429.6,1206800000
10/1/2000,26.5,1436.23,#N/A,#N/A,#N/A,#N/A
9/1/2000,27.34,1520.77,1517.68,1515.53,1530.09,767700000
8/1/2000,27.97,1438.1,1430.83,1428.96,1443.54,938700000
7/1/2000,28.05,1469.54,#N/A,#N/A,#N/A,#N/A
6/1/2000,28.16,1448.81,1420.6,1420.6,1448.81,960100000
5/1/2000,27.49,1468.25,1452.43,1452.43,1481.51,966300000
4/1/2000,28.5,1505.97,#N/A,#N/A,#N/A,#N/A
3/1/2000,28.31,1379.19,1366.42,1366.42,1383.46,1274100000
2/1/2000,27.76,1409.28,1394.46,1384.79,1412.49,981000000
1/1/2000,29.04,1455.22,#N/A,#N/A,#N/A,#N/A
12/1/1999,29.66,1397.72,1388.91,1387.38,1400.12,884000000
11/1/1999,29.74,1354.12,1362.93,1354.05,1367.3,861000000
10/1/1999,28.66,1282.81,1282.71,1265.78,1283.17,896200000
9/1/1999,29.99,1331.07,1320.41,1320.39,1331.18,708200000
8/1/1999,30.89,1328.05,#N/A,#N/A,#N/A,#N/A
7/1/1999,32.88,1380.96,1372.71,1360.8,1382.8,843400000
6/1/1999,32.24,1294.26,1301.84,1281.44,1301.84,683800000
5/1/1999,33.19,1354.63,#N/A,#N/A,#N/A,#N/A
4/1/1999,34,1293.72,1286.37,1282.56,1294.54,703000000
3/1/1999,33.39,1236.16,1238.33,1221.88,1238.7,699500000
2/1/1999,32.67,1273,1279.64,1271.31,1283.75,799400000
1/1/1999,32.92,1228.1,#N/A,#N/A,#N/A,#N/A
12/1/1998,31.56,1175.28,1163.63,1150.31,1175.89,789200000
11/1/1998,30.25,1111.6,#N/A,#N/A,#N/A,#N/A
10/1/1998,27.2,986.39,1017.01,981.29,1017.01,899700000
9/1/1998,26.8,994.26,957.28,939.98,1000.71,1216600000
8/1/1998,28,1112.44,#N/A,#N/A,#N/A,#N/A
7/1/1998,29.9,1148.56,1133.84,1133.84,1148.56,701600000
6/1/1998,28.44,1090.98,1090.82,1084.22,1097.85,537660000
5/1/1998,28.3,1121,1111.75,1111.75,1121.02,581970000
4/1/1998,28.26,1108.15,1101.75,1095.29,1109.19,677310000
3/1/1998,27.23,1047.7,#N/A,#N/A,#N/A,#N/A
2/1/1998,25.85,1001.27,#N/A,#N/A,#N/A,#N/A
1/1/1998,24.29,975.04,#N/A,#N/A,#N/A,#N/A
12/1/1997,24.23,974.77,955.4,955.4,974.77,590300000
11/1/1997,23.46,938.99,#N/A,#N/A,#N/A,#N/A
10/1/1997,23.58,955.41,947.28,947.28,956.71,598660000
9/1/1997,23.06,927.58,#N/A,#N/A,#N/A,#N/A
8/1/1997,22.83,947.14,954.29,939.04,955.35,513750000
7/1/1997,22.8,891.03,885.14,884.54,893.88,544190000
6/1/1997,21.61,846.36,#N/A,#N/A,#N/A,#N/A
5/1/1997,20.6,798.53,801.34,793.21,802.95,460380000
4/1/1997,18.94,759.64,757.12,751.26,761.49,515770000
3/1/1997,19.69,795.31,#N/A,#N/A,#N/A,#N/A
2/1/1997,20.09,786.73,#N/A,#N/A,#N/A,#N/A
1/1/1997,19.53,737.01,#N/A,#N/A,#N/A,#N/A
12/1/1996,19.19,756.56,#N/A,#N/A,#N/A,#N/A
11/1/1996,19.45,703.77,705.27,701.3,708.6,465510000
10/1/1996,19,689.08,687.31,684.44,689.54,421550000
9/1/1996,18.75,654.72,#N/A,#N/A,#N/A,#N/A
8/1/1996,18.6,650.02,639.95,639.49,650.66,439110000
7/1/1996,18.26,675.88,670.63,670.63,675.88,345750000
6/1/1996,19.15,667.68,#N/A,#N/A,#N/A,#N/A
5/1/1996,19.1,654.58,654.17,652.26,656.44,404620000
4/1/1996,18.85,653.73,645.5,645.5,653.87,392120000
3/1/1996,19.01,644.37,640.43,635,644.38,471480000
2/1/1996,19.1,638.46,636.02,634.54,638.46,461430000
1/1/1996,18.08,620.73,#N/A,#N/A,#N/A,#N/A
12/1/1995,18.1,606.98,605.37,605.37,608.11,393310000
11/1/1995,17.33,584.22,581.5,581.04,584.24,378090000
10/1/1995,16.76,581.72,#N/A,#N/A,#N/A,#N/A
9/1/1995,16.45,563.84,561.88,561.01,564.62,256730000
8/1/1995,16.01,559.64,562.06,556.67,562.11,332210000
7/1/1995,16.07,547.09,#N/A,#N/A,#N/A,#N/A
6/1/1995,15.67,533.49,533.4,530.05,534.21,345920000
5/1/1995,15.5,514.26,514.76,513.42,515.6,296830000
4/1/1995,15.31,501.85,#N/A,#N/A,#N/A,#N/A
3/1/1995,15.15,485.65,487.39,484.92,487.83,362600000
2/1/1995,15.11,470.4,470.42,469.29,472.75,395310000
1/1/1995,14.89,459.11,#N/A,#N/A,#N/A,#N/A
12/1/1994,14.88,448.92,453.55,447.97,453.91,285920000
11/1/1994,15.62,468.42,472.26,467.64,472.26,314940000
10/1/1994,16.32,461.74,#N/A,#N/A,#N/A,#N/A
9/1/1994,17.09,473.17,475.49,471.74,475.49,282830000
8/1/1994,17.44,461.01,458.28,458.08,461.01,258180000
7/1/1994,17.42,446.2,444.27,443.58,446.45,199030000
6/1/1994,18.05,457.63,456.5,453.99,458.29,279910000
5/1/1994,18.5,453.02,#N/A,#N/A,#N/A,#N/A
4/1/1994,19,438.92,#N/A,#N/A,#N/A,#N/A
3/1/1994,20.42,464.44,467.19,462.02,467.43,304450000
2/1/1994,21.02,479.62,481.6,479.18,481.64,322510000
1/1/1994,21.34,465.44,#N/A,#N/A,#N/A,#N/A
12/1/1993,21.29,461.89,461.93,461.63,464.47,293870000
11/1/1993,21.63,469.1,467.83,467.33,469.11,256030000
10/1/1993,22.19,461.28,458.93,458.35,461.48,256880000
9/1/1993,22.5,463.15,463.55,461.77,463.8,245040000
8/1/1993,22.65,450.15,#N/A,#N/A,#N/A,#N/A
7/1/1993,22.72,449.02,450.54,448.71,451.15,292040000
6/1/1993,23.18,453.83,450.23,450.23,455.63,229690000
5/1/1993,22.83,442.46,#N/A,#N/A,#N/A,#N/A
4/1/1993,22.53,450.3,451.67,449.6,452.63,234530000
3/1/1993,22.69,442.01,443.38,441.34,444.18,232460000
2/1/1993,22.55,442.52,438.78,438.78,442.52,238570000
1/1/1993,22.5,435.38,#N/A,#N/A,#N/A,#N/A
12/1/1992,22.82,430.78,431.35,429.2,431.47,259050000
11/1/1992,22.56,422.75,#N/A,#N/A,#N/A,#N/A
10/1/1992,22.43,416.29,417.8,415.46,418.67,204780000
9/1/1992,23.2,416.07,414.03,413.35,416.07,172680000
8/1/1992,23.6,425.09,#N/A,#N/A,#N/A,#N/A
7/1/1992,23.88,412.88,408.2,408.2,412.88,214250000
6/1/1992,23.95,417.3,415.35,412.44,417.3,180800000
5/1/1992,24.75,412.53,414.95,409.87,415.21,177390000
4/1/1992,24.73,404.23,403.67,400.75,404.5,186530000
3/1/1992,25.16,412.45,#N/A,#N/A,#N/A,#N/A
2/1/1992,25.6,409.53,#N/A,#N/A,#N/A,#N/A
1/1/1992,25.93,417.26,#N/A,#N/A,#N/A,#N/A
12/1/1991,24.33,381.4,#N/A,#N/A,#N/A,#N/A
11/1/1991,23.27,391.32,392.46,389.67,395.1,205780000
10/1/1991,22.49,389.2,387.86,387.86,389.56,163570000
9/1/1991,21.73,392.15,#N/A,#N/A,#N/A,#N/A
8/1/1991,21.22,387.12,387.81,386.48,387.95,170610000
7/1/1991,20.14,377.92,371.18,371.18,377.92,167480000
6/1/1991,19.49,388.06,#N/A,#N/A,#N/A,#N/A
5/1/1991,18.98,380.29,375.35,375.27,380.46,181900000
4/1/1991,18.58,371.3,375.22,370.27,375.22,144010000
3/1/1991,17.78,370.47,367.07,363.73,370.47,221510000
2/1/1991,17.19,343.05,343.91,340.37,344.9,246670000
1/1/1991,15.35,326.45,#N/A,#N/A,#N/A,#N/A
12/1/1990,15.41,324.1,#N/A,#N/A,#N/A,#N/A
11/1/1990,14.68,307.02,303.99,301.61,307.27,159270000
10/1/1990,14.21,314.94,306.1,306.1,314.94,202210000
9/1/1990,14.51,323.09,#N/A,#N/A,#N/A,#N/A
8/1/1990,15.33,355.52,356.15,353.82,357.35,178260000
7/1/1990,16.81,359.54,#N/A,#N/A,#N/A,#N/A
6/1/1990,16.95,363.16,361.26,361.21,363.52,187860000
5/1/1990,16.37,332.25,330.8,330.8,332.83,149020000
4/1/1990,15.7,338.7,#N/A,#N/A,#N/A,#N/A
3/1/1990,15.62,332.74,331.89,331.08,334.4,157930000
2/1/1990,14.97,328.79,329.08,327.76,329.86,154580000
1/1/1990,15.13,359.69,#N/A,#N/A,#N/A,#N/A
12/1/1989,15.24,350.63,346.01,345.99,351.88,199200000
11/1/1989,14.7,341.2,340.36,339.79,341.74,154240000
10/1/1989,14.84,350.87,#N/A,#N/A,#N/A,#N/A
9/1/1989,14.66,353.73,351.45,350.88,353.9,133300000
8/1/1989,14.32,343.75,346.08,342.93,347.99,225280000
7/1/1989,13.43,319.23,#N/A,#N/A,#N/A,#N/A
6/1/1989,12.84,321.97,320.51,320.01,322.57,223160000
5/1/1989,12.49,309.12,309.64,307.4,309.64,138050000
4/1/1989,12.07,296.39,#N/A,#N/A,#N/A,#N/A
3/1/1989,11.73,287.11,288.86,286.46,290.28,177210000
2/1/1989,11.97,297.09,297.47,296.22,298.33,215640000
1/1/1989,11.82,275.31,#N/A,#N/A,#N/A,#N/A
12/1/1988,11.64,272.49,273.68,272.27,273.7,129380000
11/1/1988,11.57,279.06,278.97,278.01,279.57,151250000
10/1/1988,12.02,271.38,#N/A,#N/A,#N/A,#N/A
9/1/1988,11.79,258.35,261.52,256.98,261.52,144090000
8/1/1988,11.78,272.21,272.03,271.21,272.8,138170000
7/1/1988,12.22,271.78,273.5,270.78,273.8,238330000
6/1/1988,12.49,266.69,262.16,262.1,267.43,234560000
5/1/1988,12.41,261.56,#N/A,#N/A,#N/A,#N/A
4/1/1988,13.39,256.09,#N/A,#N/A,#N/A,#N/A
3/1/1988,14.29,267.22,267.82,265.39,267.95,199990000
2/1/1988,14.16,255.04,257.05,254.93,258.27,210660000
1/1/1988,14.02,255.94,#N/A,#N/A,#N/A,#N/A
12/1/1987,13.77,232,230.32,230.3,234.02,149870000
11/1/1987,14.45,255.75,#N/A,#N/A,#N/A,#N/A
10/1/1987,17.08,327.33,321.83,321.83,327.34,193200000
9/1/1987,20.09,323.4,329.81,322.83,332.18,193500000
8/1/1987,21.42,317.57,#N/A,#N/A,#N/A,#N/A
7/1/1987,20.81,302.94,303.99,302.53,304,157000000
6/1/1987,20.9,289.83,290.12,289.23,291.96,149300000
5/1/1987,19.74,288.03,286.99,286.52,289.71,160100000
4/1/1987,19.45,292.38,291.59,288.34,292.38,182600000
3/1/1987,19.37,283,#N/A,#N/A,#N/A,#N/A
2/1/1987,18.86,276.45,#N/A,#N/A,#N/A,#N/A
1/1/1987,18.01,246.45,#N/A,#N/A,#N/A,#N/A
12/1/1986,17.17,249.05,249.22,245.72,249.22,133800000
11/1/1986,16.78,245.8,#N/A,#N/A,#N/A,#N/A
10/1/1986,16.12,233.6,231.32,231.32,234.62,143600000
9/1/1986,16.05,248.52,#N/A,#N/A,#N/A,#N/A
8/1/1986,16.55,234.91,236.12,234.59,236.89,114900000
7/1/1986,16.28,252.04,250.67,250.53,252.04,147700000
6/1/1986,16.68,245.04,#N/A,#N/A,#N/A,#N/A
5/1/1986,16.28,235.16,235.52,234.21,236.01,146500000
4/1/1986,16.32,235.14,238.9,234.57,239.1,167400000
3/1/1986,16,225.42,#N/A,#N/A,#N/A,#N/A
2/1/1986,15.08,213.96,#N/A,#N/A,#N/A,#N/A
1/1/1986,14.28,209.59,#N/A,#N/A,#N/A,#N/A
12/1/1985,14.19,200.46,#N/A,#N/A,#N/A,#N/A
11/1/1985,13.33,191.53,189.82,189.37,191.53,129400000
10/1/1985,12.39,185.07,182.06,182.02,185.08,130200000
9/1/1985,12.09,187.91,#N/A,#N/A,#N/A,#N/A
8/1/1985,12.26,192.11,190.92,190.91,192.17,121500000
7/1/1985,12.43,192.43,191.85,191.17,192.43,96080000
6/1/1985,12.1,189.32,#N/A,#N/A,#N/A,#N/A
5/1/1985,11.65,178.37,179.83,178.35,180.04,101600000
4/1/1985,11.2,181.27,180.66,180.43,181.27,89900000
3/1/1985,10.95,183.23,181.18,181.16,183.89,139900000
2/1/1985,10.98,178.63,179.63,178.44,179.63,105400000
1/1/1985,10.36,165.37,#N/A,#N/A,#N/A,#N/A
12/1/1984,9.89,162.82,#N/A,#N/A,#N/A,#N/A
11/1/1984,10.01,167.49,166.09,166.09,167.83,107300000
10/1/1984,9.94,164.62,166.1,164.48,166.1,73630000
9/1/1984,10.03,164.88,#N/A,#N/A,#N/A,#N/A
8/1/1984,10,154.08,150.66,150.66,154.08,127500000
7/1/1984,9.26,153.2,#N/A,#N/A,#N/A,#N/A
6/1/1984,9.45,153.24,150.55,150.55,153.24,96040000
5/1/1984,9.86,161.68,160.05,160.05,161.69,110550000
4/1/1984,10.12,157.98,#N/A,#N/A,#N/A,#N/A
3/1/1984,10.31,158.19,157.06,156.77,158.19,82010000
2/1/1984,10.59,162.74,163.41,162.27,164,107100000
1/1/1984,11.52,164.04,#N/A,#N/A,#N/A,#N/A
12/1/1983,11.72,166.49,166.37,166.08,166.77,106970000
11/1/1983,11.98,163.66,163.55,162.37,163.66,84460000
10/1/1983,12.38,165.81,#N/A,#N/A,#N/A,#N/A
9/1/1983,12.57,164.23,164.4,163.95,164.66,76120000
8/1/1983,12.43,162.04,162.34,161.55,162.78,77210000
7/1/1983,13.02,168.64,168.11,167.77,168.64,65110000
6/1/1983,13.22,162.55,162.38,161.33,162.64,84460000
5/1/1983,13.09,162.11,#N/A,#N/A,#N/A,#N/A
4/1/1983,12.64,153.02,#N/A,#N/A,#N/A,#N/A
3/1/1983,12.23,150.88,148.07,148.07,150.88,103750000
2/1/1983,11.75,142.96,145.29,142.96,145.29,82750000
1/1/1983,11.48,138.34,#N/A,#N/A,#N/A,#N/A
12/1/1982,11.03,138.72,138.56,138.35,140.37,107850000
11/1/1982,10.67,135.47,133.72,133.22,136.03,73530000
10/1/1982,10.01,121.97,120.4,120.15,121.97,65000000
9/1/1982,9.03,118.25,119.52,117.98,120.05,82830000
8/1/1982,7.97,108.98,#N/A,#N/A,#N/A,#N/A
7/1/1982,7.83,108.71,109.52,108.62,109.63,47900000
6/1/1982,7.74,111.68,111.97,111.66,112.07,41650000
5/1/1982,8.09,116.82,#N/A,#N/A,#N/A,#N/A
4/1/1982,7.97,113.79,111.96,111.48,114.22,57100000
3/1/1982,7.48,113.31,113.11,111.86,114.32,53010000
2/1/1982,7.64,117.78,120.4,117.14,119.81,47720000
1/1/1982,7.73,122.74,#N/A,#N/A,#N/A,#N/A
12/1/1981,8.06,126.1,126.35,124.84,127.3,53980000
11/1/1981,8.02,124.2,#N/A,#N/A,#N/A,#N/A
10/1/1981,7.83,117.08,116.18,115,117.66,41600000
9/1/1981,7.75,123.02,122.79,121.59,123.92,45110000
8/1/1981,8.54,130.48,#N/A,#N/A,#N/A,#N/A
7/1/1981,8.55,129.77,131.21,129.04,131.69,49080000
6/1/1981,8.81,132.41,132.59,131.49,134.62,62170000
5/1/1981,8.86,132.72,132.81,131.43,134.17,48360000
4/1/1981,9.13,136.57,136,135.04,137.56,54880000
3/1/1981,9.14,132.01,#N/A,#N/A,#N/A,#N/A
2/1/1981,8.76,126.91,#N/A,#N/A,#N/A,#N/A
1/1/1981,9.02,136.34,#N/A,#N/A,#N/A,#N/A
12/1/1980,9.01,137.21,140.52,136.75,140.66,48180000
11/1/1980,9.19,129.04,#N/A,#N/A,#N/A,#N/A
10/1/1980,8.86,127.13,125.46,124.66,127.88,48720000
9/1/1980,8.64,123.74,#N/A,#N/A,#N/A,#N/A
8/1/1980,8.38,121.21,121.67,120.08,122.38,46440000
7/1/1980,8.07,114.93,114.24,113.54,115.45,34340000
6/1/1980,7.67,110.76,#N/A,#N/A,#N/A,#N/A
5/1/1980,7.15,105.46,106.29,104.72,106.86,32480000
4/1/1980,6.79,102.18,102.09,100.85,103.28,32230000
3/1/1980,6.85,112.5,#N/A,#N/A,#N/A,#N/A
2/1/1980,7.61,115.12,114.16,113.13,115.54,46610000
1/1/1980,7.39,105.76,#N/A,#N/A,#N/A,#N/A
12/1/1979,7.25,105.83,#N/A,#N/A,#N/A,#N/A
11/1/1979,7.01,102.57,101.82,101.1,103.07,25880000
10/1/1979,7.11,108.56,109.32,107.7,109.19,24980000
9/1/1979,7.42,107.44,#N/A,#N/A,#N/A,#N/A
8/1/1979,7.45,104.17,103.81,103.14,104.57,36570000
7/1/1979,7.23,101.99,#N/A,#N/A,#N/A,#N/A
6/1/1979,7.27,99.17,99.08,98.57,99.7,24560000
5/1/1979,7.25,101.68,101.76,101.22,102.5,31040000
4/1/1979,7.55,100.9,#N/A,#N/A,#N/A,#N/A
3/1/1979,7.53,96.9,96.28,95.98,97.28,23830000
2/1/1979,7.57,99.96,99.93,99.01,100.38,27930000
1/1/1979,7.88,96.73,#N/A,#N/A,#N/A,#N/A
12/1/1978,7.79,96.28,94.7,95.01,96.69,26830000
11/1/1978,7.84,96.85,93.15,94.13,97.41,50450000
10/1/1978,8.51,102.96,#N/A,#N/A,#N/A,#N/A
9/1/1978,8.98,103.68,103.29,102.73,104.27,35070000
8/1/1978,9.07,100.66,100.68,99.95,101.46,34810000
7/1/1978,8.57,95.09,#N/A,#N/A,#N/A,#N/A
6/1/1978,8.7,97.35,97.24,96.63,97.95,28750000
5/1/1978,8.75,97.67,96.83,96.41,98.3,37020000
4/1/1978,8.41,88.46,#N/A,#N/A,#N/A,#N/A
3/1/1978,8.13,87.19,87.04,86.45,87.63,21010000
2/1/1978,8.16,89.93,89.25,88.82,90.24,22240000
1/1/1978,8.28,93.82,#N/A,#N/A,#N/A,#N/A
12/1/1977,8.62,94.69,94.83,94.23,95.45,24220000
11/1/1977,8.71,91.35,92.34,91,92.19,17170000
10/1/1977,8.7,96.74,#N/A,#N/A,#N/A,#N/A
9/1/1977,8.99,96.83,96.77,96.35,97.54,18820000
8/1/1977,9.21,99.12,98.85,98.46,99.84,17920000
7/1/1977,9.53,100.1,100.48,99.63,100.76,18160000
6/1/1977,9.53,96.93,96.12,95.89,97.27,18320000
5/1/1977,9.58,98.93,#N/A,#N/A,#N/A,#N/A
4/1/1977,9.72,99.21,98.42,98.38,99.57,17050000
3/1/1977,9.98,100.66,99.82,99.65,101.03,19480000
2/1/1977,10.08,102.54,102.03,101.57,103.06,23700000
1/1/1977,10.41,107,#N/A,#N/A,#N/A,#N/A
12/1/1976,10.57,102.49,102.1,101.62,103.03,21960000
11/1/1976,10.34,103.1,102.9,102.19,103.78,18390000
10/1/1976,10.54,104.17,105.24,103.6,105.75,20620000
9/1/1976,11.05,104.06,102.91,102.6,104.3,18640000
8/1/1976,10.93,103.19,#N/A,#N/A,#N/A,#N/A
7/1/1976,11.14,103.59,104.28,103.14,104.98,21130000
6/1/1976,11.01,99.85,100.18,99.36,100.74,13880000
5/1/1976,11.18,100.92,#N/A,#N/A,#N/A,#N/A
4/1/1976,11.51,102.24,102.77,101.5,103.24,17910000
3/1/1976,11.67,100.02,99.71,98.67,100.64,22070000
2/1/1976,11.94,100.87,#N/A,#N/A,#N/A,#N/A
1/1/1976,11.82,90.9,#N/A,#N/A,#N/A,#N/A
12/1/1975,11.14,90.67,91.24,90.33,91.9,16050000
11/1/1975,11.41,88.09,#N/A,#N/A,#N/A,#N/A
10/1/1975,11.32,82.93,83.87,82.57,85.45,14070000
9/1/1975,10.91,85.48,#N/A,#N/A,#N/A,#N/A
8/1/1975,10.95,87.99,88.75,87.46,89.04,13320000
7/1/1975,11.72,94.85,95.19,94.13,95.73,20390000
6/1/1975,11.61,92.58,#N/A,#N/A,#N/A,#N/A
5/1/1975,11.09,88.1,87.3,86.94,89.1,20660000
4/1/1975,10.22,82.64,83.36,81.98,83.59,14480000
3/1/1975,9.91,83.03,#N/A,#N/A,#N/A,#N/A
2/1/1975,9.32,77.82,#N/A,#N/A,#N/A,#N/A
1/1/1975,8.3,70.23,#N/A,#N/A,#N/A,#N/A
12/1/1974,7.54,68.11,#N/A,#N/A,#N/A,#N/A
11/1/1974,8,73.88,73.9,72.68,74.85,13470000
10/1/1974,7.68,63.39,63.54,61.75,64.37,16890000
9/1/1974,7.48,70.52,#N/A,#N/A,#N/A,#N/A
8/1/1974,8.46,78.75,79.31,77.97,80.02,11470000
7/1/1974,8.95,86.02,86,85.32,86.89,10270000
6/1/1974,10.27,89.1,#N/A,#N/A,#N/A,#N/A
5/1/1974,10.41,92.22,90.31,89.82,93.03,15120000
4/1/1974,10.89,93.25,93.98,92.82,94.68,11470000
3/1/1974,11.66,95.53,96.22,94.81,96.4,12880000
2/1/1974,11.27,95.32,96.57,94.66,96.63,12480000
1/1/1974,11.68,97.68,#N/A,#N/A,#N/A,#N/A
12/1/1973,11.62,93.9,#N/A,#N/A,#N/A,#N/A
11/1/1973,12.74,107.69,108.29,106.88,109.2,16920000
10/1/1973,13.99,108.21,108.43,107.08,108.98,15830000
9/1/1973,13.73,104.51,#N/A,#N/A,#N/A,#N/A
8/1/1973,13.77,106.83,108.22,106.29,108.17,13530000
7/1/1973,14.33,102.9,#N/A,#N/A,#N/A,#N/A
6/1/1973,14.5,103.93,104.95,103.31,105.04,10410000
5/1/1973,15.13,107.1,106.97,105.34,108,15380000
4/1/1973,15.89,110.18,#N/A,#N/A,#N/A,#N/A
3/1/1973,16.53,111.05,111.68,110.68,112.98,18210000
2/1/1973,17.11,114.76,116.03,114.26,117.01,20670000
1/1/1973,18.09,119.1,#N/A,#N/A,#N/A,#N/A
12/1/1972,18.3,117.38,116.67,116.29,118.18,22570000
11/1/1972,18.19,112.67,111.58,111.32,113.31,21360000
10/1/1972,17.58,110.16,#N/A,#N/A,#N/A,#N/A
9/1/1972,17.82,111.51,111.09,110.7,112.12,11600000
8/1/1972,18.25,108.4,107.39,107.06,108.85,15540000
7/1/1972,17.79,107.49,#N/A,#N/A,#N/A,#N/A
6/1/1972,18.09,109.69,109.53,108.97,110.35,14910000
5/1/1972,18.2,106.69,107.67,106.3,108,12880000
4/1/1972,18.56,107.48,#N/A,#N/A,#N/A,#N/A
3/1/1972,18.54,107.35,106.57,106.21,108.13,23670000
2/1/1972,18.22,104.01,103.94,103.1,104.57,19600000
1/1/1972,18.01,101.67,#N/A,#N/A,#N/A,#N/A
12/1/1971,17.4,95.44,93.99,93.95,96.12,21040000
11/1/1971,16.54,92.8,94.23,92.48,94.43,10960000
10/1/1971,17.62,98.93,98.34,97.96,99.49,13400000
9/1/1971,18.31,99.07,99.03,98.5,99.84,10770000
8/1/1971,18.03,95.96,#N/A,#N/A,#N/A,#N/A
7/1/1971,18.48,99.78,98.7,99.16,100.65,13090000
6/1/1971,18.74,100.2,99.63,99.22,100.76,11930000
5/1/1971,19.22,103.29,#N/A,#N/A,#N/A,#N/A
4/1/1971,19.61,100.39,100.31,99.63,100.99,13470000
3/1/1971,19.08,97,96.75,96.11,97.48,13020000
2/1/1971,18.71,96.42,95.88,95.38,97.05,20650000
1/1/1971,18.12,91.15,#N/A,#N/A,#N/A,#N/A
12/1/1970,17.55,87.47,87.2,86.11,88.61,20170000
11/1/1970,16.19,83.51,#N/A,#N/A,#N/A,#N/A
10/1/1970,15.97,84.32,84.3,83.46,84.7,9700000
9/1/1970,15.41,80.95,81.52,80.43,81.8,10960000
8/1/1970,14.39,77.02,#N/A,#N/A,#N/A,#N/A
7/1/1970,13.85,72.94,72.72,72.11,73.66,8610000
6/1/1970,13.69,77.84,76.55,75.84,78.4,15020000
5/1/1970,13.69,81.44,81.52,80.27,82.32,8290000
4/1/1970,15.37,90.07,89.63,89.3,90.62,9810000
3/1/1970,15.75,89.71,#N/A,#N/A,#N/A,#N/A
2/1/1970,15.35,85.75,#N/A,#N/A,#N/A,#N/A
1/1/1970,15.76,93,#N/A,#N/A,#N/A,#N/A
12/1/1969,15.76,93.22,93.81,92.78,94.47,9950000
11/1/1969,16.54,97.15,#N/A,#N/A,#N/A,#N/A
10/1/1969,16.32,92.52,93.12,92.12,93.51,9090000
9/1/1969,16.05,95.54,#N/A,#N/A,#N/A,#N/A
8/1/1969,16.04,93.47,91.83,91.92,94.19,15070000
7/1/1969,16.17,98.08,97.71,97.13,98.66,9890000
6/1/1969,16.98,102.94,#N/A,#N/A,#N/A,#N/A
5/1/1969,17.93,103.51,103.69,102.74,104.59,14380000
4/1/1969,17.39,101.42,101.51,100.84,102.45,12360000
3/1/1969,17.06,98.38,#N/A,#N/A,#N/A,#N/A
2/1/1969,17.5,102.89,#N/A,#N/A,#N/A,#N/A
1/1/1969,17.65,103.93,#N/A,#N/A,#N/A,#N/A
12/1/1968,18.49,108.12,#N/A,#N/A,#N/A,#N/A
11/1/1968,18.41,103.06,103.41,102.36,104.3,14480000
10/1/1968,18.23,102.86,102.67,101.8,103.58,15560000
9/1/1968,17.9,99.32,#N/A,#N/A,#N/A,#N/A
8/1/1968,17.43,97.28,97.74,96.78,98.82,14380000
7/1/1968,17.91,99.4,99.58,98.77,100.33,11280000
6/1/1968,18.04,99.99,#N/A,#N/A,#N/A,#N/A
5/1/1968,17.71,97.97,97.46,96.84,98.61,14440000
4/1/1968,17.45,92.48,90.2,91.11,93.55,17730000
3/1/1968,16.38,89.11,89.36,88.58,89.82,8610000
2/1/1968,16.8,92.56,92.24,91.57,93.14,10590000
1/1/1968,17.71,96.11,#N/A,#N/A,#N/A,#N/A
12/1/1967,17.88,94.5,94,93.41,94.95,9740000
11/1/1967,17.42,92.71,93.3,92.45,94.21,10930000
10/1/1967,18.02,96.32,#N/A,#N/A,#N/A,#N/A
9/1/1967,18.08,93.68,93.64,93,94.21,7460000
8/1/1967,17.79,95.37,94.75,94.2,95.84,12290000
7/1/1967,17.48,90.91,#N/A,#N/A,#N/A,#N/A
6/1/1967,17.15,90.23,89.08,88.81,90.76,9040000
5/1/1967,17.24,93.84,94.01,93.08,94.6,9410000
4/1/1967,16.81,89.24,#N/A,#N/A,#N/A,#N/A
3/1/1967,16.41,87.68,86.78,86.67,88.36,11510000
2/1/1967,15.93,86.43,86.61,85.68,87.04,9580000
1/1/1967,15.31,80.38,#N/A,#N/A,#N/A,#N/A
12/1/1966,14.65,80.08,80.45,79.66,81.04,8480000
11/1/1966,14.63,80.81,80.2,79.79,81.18,6480000
10/1/1966,13.96,74.9,#N/A,#N/A,#N/A,#N/A
9/1/1966,14.12,77.7,77.1,76.66,78.5,6250000
8/1/1966,14.68,82.31,83.6,81.98,83.5,5880000
7/1/1966,15.67,85.61,84.74,84.74,86.08,5200000
6/1/1966,15.76,86.1,86.13,85.28,86.65,5290000
5/1/1966,16.01,90.9,#N/A,#N/A,#N/A,#N/A
4/1/1966,17.03,89.94,89.23,88.96,90.37,9050000
3/1/1966,16.64,90.06,91.22,89.76,91.65,11030000
2/1/1966,17.52,92.16,92.88,91.61,93.36,9090000
1/1/1966,17.81,92.18,#N/A,#N/A,#N/A,#N/A
12/1/1965,17.67,91.5,91.61,91.02,92.26,10140000
11/1/1965,18,92.23,92.42,91.73,92.92,6340000
10/1/1965,18.1,89.9,89.96,89.3,90.48,7470000
9/1/1965,17.95,87.17,87.17,86.69,87.63,5890000
8/1/1965,17.53,85.42,#N/A,#N/A,#N/A,#N/A
7/1/1965,17.38,84.48,84.12,83.57,84.64,4520000
6/1/1965,17.57,88.72,88.42,87.88,88.8,4830000
5/1/1965,18.65,89.23,#N/A,#N/A,#N/A,#N/A
4/1/1965,18.59,86.32,86.16,85.87,86.73,4890000
3/1/1965,18.55,87.25,87.43,86.92,87.93,5780000
2/1/1965,18.71,87.58,87.56,87.05,88.01,5690000
1/1/1965,18.75,84.23,#N/A,#N/A,#N/A,#N/A
12/1/1964,18.45,83.55,84.42,83.36,84.56,4940000
11/1/1964,18.89,85.18,#N/A,#N/A,#N/A,#N/A
10/1/1964,18.87,84.08,84.18,83.74,84.53,4470000
9/1/1964,18.66,82.18,81.83,81.57,82.5,4650000
8/1/1964,18.54,83,#N/A,#N/A,#N/A,#N/A
7/1/1964,19.01,82.27,81.69,81.46,82.51,5320000
6/1/1964,18.53,80.11,80.37,79.83,80.83,4300000
5/1/1964,18.86,80.17,79.46,79.46,80.47,5990000
4/1/1964,18.9,79.24,78.98,78.67,79.58,5510000
3/1/1964,18.85,77.97,#N/A,#N/A,#N/A,#N/A
2/1/1964,18.75,76.97,#N/A,#N/A,#N/A,#N/A
1/1/1964,18.77,75.43,#N/A,#N/A,#N/A,#N/A
12/1/1963,18.45,73.66,#N/A,#N/A,#N/A,#N/A
11/1/1963,18.16,73.83,74.01,73.47,74.44,5240000
10/1/1963,18.35,72.22,71.7,71.57,72.65,4420000
9/1/1963,18.4,72.66,#N/A,#N/A,#N/A,#N/A
8/1/1963,18.11,69.07,69.13,68.64,69.47,3410000
7/1/1963,17.8,68.86,69.37,68.58,69.53,3360000
6/1/1963,18.26,70.69,#N/A,#N/A,#N/A,#N/A
5/1/1963,18.47,69.97,69.8,69.61,70.43,5060000
4/1/1963,18.32,66.85,66.57,66.23,67.18,3890000
3/1/1963,17.7,64.1,64.29,63.8,64.75,3920000
2/1/1963,17.83,66.31,66.31,66.31,66.31,4280000
1/1/1963,17.66,62.69,#N/A,#N/A,#N/A,#N/A
12/1/1962,17.07,61.94,#N/A,#N/A,#N/A,#N/A
11/1/1962,16.57,57.12,56.52,55.9,57.31,3400000
10/1/1962,15.7,55.49,56.27,55.26,56.31,3090000
9/1/1962,16.43,58.56,#N/A,#N/A,#N/A,#N/A
8/1/1962,16.67,57.75,58.23,57.51,58.3,3100000
7/1/1962,16.32,55.86,#N/A,#N/A,#N/A,#N/A
6/1/1962,16.03,59.38,59.63,58.52,59.96,5760000
5/1/1962,18.33,65.7,65.24,63.76,65.94,5100000
4/1/1962,20,69.37,#N/A,#N/A,#N/A,#N/A
3/1/1962,20.86,70.2,69.96,69.76,70.6,2960000
2/1/1962,21.21,69.26,68.84,68.56,69.65,4260000
1/1/1962,21.25,70.96,#N/A,#N/A,#N/A,#N/A
